 ,0,3600,7200,10800,14400,18000,21600,25200,28800,32400,36000,39600,43200,46800,50400,54000,57600,61200,64800,68400,72000,75600,79200,82800,86400
J-1,75.2692,82.1085,83.2153,92.7356,93.2553,92.9947,91.8365,83.1339,81.7167,80.4822,79.3938,78.4796,77.7142,77.1661,76.703,76.2148,76.3837,74.9784,74.3116,72.9701,72.5193,73.2551,78.3774,80.4588,82.0429,
J-10,49.6404,50.951,51.9621,60.3509,60.9424,60.9553,60.2768,52.7985,52.03,51.4792,51.0375,50.7164,50.5502,50.3592,50.0388,49.7039,49.3947,49.9135,49.9524,49.8413,49.8568,50.0805,51.4364,52.6585,53.7261,
J-100,61.1724,72.1959,73.2822,83.7564,84.2525,84.001,82.8804,72.3971,71.2518,70.1434,69.118,68.2105,67.4296,66.832,66.3878,65.9489,66.8614,66.6846,66.568,65.9771,65.7465,66.1247,69.0489,70.8219,72.2955,
J-101,59.6424,70.5278,71.6161,82.05,82.548,82.2969,81.175,70.7738,69.6104,68.495,67.467,66.5597,65.7797,65.1845,64.7384,64.2962,65.1748,64.9409,64.7989,64.1734,63.9329,64.328,67.3517,69.1446,70.6248,
J-102,60.8377,66.1903,67.3055,76.7138,77.2402,76.9772,75.8106,67.4729,65.9005,64.6336,63.5353,62.6245,61.8675,61.3356,60.8732,60.38,60.4392,58.9216,58.1645,56.6953,56.2077,57.0087,62.4091,64.5252,66.1336,
J-104,54.2607,55.5847,56.6003,64.9334,65.5092,65.495,64.7721,57.2377,56.3724,55.7893,55.3366,55.0202,54.8669,54.6947,54.3824,54.0493,53.7302,54.2107,54.1857,53.9993,53.9932,54.2497,55.8832,57.2233,58.3236,
J-105,58.8097,69.4991,70.6014,80.941,81.4213,81.1321,79.9459,69.7255,68.4334,67.2691,66.2214,65.3149,64.5444,63.9721,63.527,63.0752,63.8309,63.3638,63.0964,62.3022,62.013,62.4888,66.0495,68.0192,69.559,
J-106,61.4311,72.1117,73.2142,83.5305,84.0075,83.7131,82.5188,72.3051,70.9929,69.8215,68.7711,67.865,67.0964,66.5284,66.085,65.6333,66.3845,65.9031,65.6245,64.8157,64.5221,65.004,68.6225,70.6137,72.1596,
J-107,49.7718,62.2083,63.272,74.3841,74.8763,74.6497,73.5894,61.9932,61.1497,60.1625,59.1895,58.2892,57.4995,56.8657,56.4473,56.0598,57.3825,58.3982,58.319,58.2467,58.1681,58.2999,59.6731,61.0941,62.4527,
J-108,59.3408,71.6463,72.7121,83.6563,84.1468,83.9125,82.8367,71.454,70.5401,69.5236,68.5367,67.6327,66.8433,66.2168,65.7925,65.3931,66.6812,67.1657,67.3434,67.1531,67.0389,67.224,68.9501,70.4532,71.8369,
J-109,64.5505,76.0438,77.1214,87.7456,88.2389,87.993,86.8882,76.1036,75.038,73.9609,72.9481,72.0408,71.2561,70.6479,70.2104,69.7851,70.8312,70.8849,70.8733,70.4249,70.2353,70.5439,73.0444,74.722,76.1635,
J-11,53.8875,59.1817,60.2728,68.49,69.1732,69.1482,68.3276,61.4805,60.0352,58.8368,57.7686,56.8499,56.0578,55.4527,54.9111,54.3517,54.3046,52.1654,51.4026,49.9232,49.4353,50.2464,55.5596,57.5374,59.0623,
J-110,62.6965,73.9442,75.0265,85.5728,86.0675,85.8184,84.7051,74.0772,72.9693,71.8756,70.8562,69.9489,69.1662,68.5637,68.1227,67.6903,68.6662,68.5987,68.5317,68.008,67.7967,68.1421,70.8667,72.5951,74.0537,
J-111,69.0976,74.3926,75.5083,84.6745,85.21,84.9566,83.8019,75.7072,74.0899,72.8032,71.6952,70.7822,70.0264,69.5014,69.0376,68.5381,68.5777,66.9145,66.096,64.5462,64.0347,64.8721,70.541,72.6618,74.2836,
J-112,60.8845,66.1484,67.267,76.4556,76.9945,76.7434,75.5898,67.4847,65.8626,64.5762,63.469,62.5574,61.8031,61.2792,60.8154,60.3161,60.3548,58.7117,57.8931,56.3417,55.8301,56.6703,62.3062,64.4354,66.0595,
J-113,59.1139,69.7018,70.8059,81.0924,81.5733,81.2832,80.0952,69.9851,68.6758,67.5044,66.4537,65.5469,64.7772,64.2075,63.7614,63.3069,64.0323,63.4932,63.1983,62.3662,62.0659,62.56,66.2207,68.2049,69.752,
J-114,60.2884,70.8731,71.9781,82.2522,82.7304,82.4351,81.2386,71.1197,69.7894,68.6105,67.557,66.6508,65.8832,65.3181,64.8738,64.4195,65.1417,64.5919,64.2849,63.4368,63.1319,63.6331,67.3547,69.3621,70.9157,
J-115,60.1187,65.47,66.5853,75.9864,76.5139,76.2523,75.0869,66.7541,65.1822,63.9155,62.8173,61.9067,61.15,60.6184,60.1558,59.6624,59.7213,58.2006,57.4404,55.9681,55.4797,56.2821,61.6883,63.8055,65.4143,
J-116,60.7092,66.0406,67.1516,76.5072,77.0314,76.7694,75.607,67.3106,65.7407,64.4775,63.383,62.476,61.7225,61.1937,60.7331,60.2415,60.2995,58.7776,58.0211,56.5516,56.0643,56.8648,62.264,64.3775,65.9816,
J-117,65.5128,76.4634,77.5514,87.9739,88.4658,88.2057,87.0712,76.6684,75.4902,74.3685,73.3371,72.4287,71.649,71.0562,70.6109,70.1681,71.0445,70.7998,70.6526,70.0201,69.7771,70.1741,73.2373,75.0524,76.5397,
J-118,62.3938,69.7337,70.8336,80.1149,80.6866,80.5147,79.4844,71.1867,69.8028,68.6198,67.5593,66.6427,65.8545,65.2562,64.7465,64.2246,64.4814,63.0109,62.453,61.2562,60.8504,61.5227,66.1486,68.1398,69.6865,
J-119,56.7399,67.97,69.0528,79.6083,80.1018,79.8517,78.7372,68.0861,66.9788,65.8882,64.8721,63.9682,63.1886,62.5887,62.1495,61.7191,62.6969,62.6412,62.5735,62.0498,61.8394,62.1856,64.9063,66.6381,68.0964,
J-12,45.3333,50.5997,51.6926,59.8734,60.5733,60.5746,59.7785,53.0964,51.7123,50.5396,49.4835,48.5652,47.7661,47.1435,46.5872,46.0179,45.9499,43.7166,42.9636,41.4991,41.0164,41.822,47.0248,48.9776,50.5019,
J-120,67.7959,77.7917,78.886,88.9701,89.4795,89.2332,88.1097,78.3527,77.0746,75.9096,74.8594,73.9477,73.1693,72.5862,72.126,71.6591,72.3135,71.6727,71.3714,70.5271,70.2223,70.7217,74.3949,76.2992,77.8171,
J-121,70.5393,78.5286,79.6336,89.3704,89.8817,89.6164,88.4542,79.4009,78.0487,76.8295,75.7476,74.8344,74.0677,73.5147,73.0532,72.5697,72.847,71.6827,71.1275,69.9371,69.531,70.1954,74.8786,76.9258,78.4951,
J-122,71.377,81.9404,83.0423,93.2452,93.7201,93.4216,92.222,82.1739,80.8231,79.6349,78.5762,77.6682,76.9005,76.3383,75.8948,75.4392,76.1573,75.5713,75.2544,74.3919,74.0818,74.5875,78.3735,80.3891,81.9456,
J-123,71.4296,81.9772,83.0776,93.2621,93.7356,93.4366,92.2376,82.2048,80.8535,79.6663,78.609,77.7024,76.9362,76.3753,75.9327,75.4778,76.1945,75.6077,75.2906,74.4279,74.1178,74.6233,78.4102,80.4261,81.9814,
J-124,71.5709,82.133,83.2347,93.4347,93.9096,93.611,92.4114,82.366,81.0151,79.8268,78.7682,77.8602,77.0926,76.5306,76.0871,75.6315,76.3495,75.763,75.446,74.5834,74.2733,74.7789,78.5655,80.581,82.1374,
J-125,47.0024,52.1771,53.296,62.273,62.842,62.6336,61.5372,53.6431,52.0458,50.7739,49.6752,48.7667,48.0121,47.4829,47.0155,46.5162,46.5563,44.8833,44.0543,42.4908,41.9768,42.8252,48.3982,50.4871,52.103,
J-126,46.2136,51.4129,52.532,61.5651,62.131,61.918,60.8148,52.8763,51.2894,50.0219,48.925,48.0165,47.2611,46.7297,46.2618,45.7627,45.8043,44.1279,43.306,41.7526,41.2416,42.0854,47.6314,49.7323,51.348,
J-127,48.2278,53.4413,54.5602,63.6142,64.1766,63.9589,62.8498,54.8929,53.3057,52.0375,50.9399,50.0309,49.2752,48.7438,48.2758,47.7763,47.8178,46.141,45.3208,43.7691,43.2585,44.1011,49.6535,51.7572,53.3735,
J-128,64.3452,69.9982,71.1069,80.7842,81.3019,81.0342,79.8636,71.1818,69.7048,68.4663,67.379,66.4676,65.7058,65.1621,64.7017,64.2161,64.3212,62.9958,62.3378,61.0021,60.5529,61.2898,66.3268,68.3971,69.9793,
J-129,60.9457,66.372,67.482,77.1508,77.6723,77.4093,76.2456,67.6194,66.1212,64.8824,63.7959,62.8853,62.1242,61.5809,61.1209,60.6361,60.7198,59.4131,58.7552,57.4185,56.9689,57.7074,62.7195,64.7789,66.3605,
J-13,42.0559,45.9087,46.9526,53.6039,54.5202,54.8578,54.5177,49.2384,47.9238,46.785,45.7426,44.819,44.0005,43.3412,42.7462,42.148,42.0039,39.5159,38.7259,37.2102,36.7132,37.5445,42.719,44.3528,45.7285,
J-130,68.9531,79.5198,80.6225,90.8386,91.3136,91.0148,89.8142,79.7494,78.3998,77.2127,76.155,75.2476,74.4804,73.9184,73.4751,73.0199,73.7384,73.1591,72.8426,71.981,71.6714,72.1771,75.9576,77.9755,79.5325,
J-131,45.4,46.4705,47.3124,51.7857,52.674,53.3056,53.6279,50.5581,50.66,50.689,50.6781,50.6403,50.5868,50.5297,50.274,50.0425,50.2794,50.5976,50.8921,51.1049,51.2463,51.3769,51.6234,52.0857,52.6645,
J-132,71.7835,78.6657,79.7736,89.3861,89.9014,89.634,88.4655,79.672,78.263,77.032,75.9452,75.0316,74.2667,73.7183,73.2563,72.77,72.9458,71.5977,70.9512,69.6345,69.1907,69.9161,74.9525,77.0327,78.6156,
J-133,76.4058,83.2449,84.3509,93.8598,94.379,94.1184,92.9608,84.2693,82.8515,81.6169,80.5286,79.6145,78.8493,78.3015,77.8385,77.3503,77.5182,76.1086,75.4415,74.0994,73.6484,74.3842,79.5117,81.5921,83.1755,
J-134,67.2871,72.7295,73.8394,83.3502,83.8762,83.6181,82.4611,73.9973,72.4748,71.2253,70.1329,69.2203,68.4585,67.917,67.4541,66.9639,67.0434,65.6104,64.908,63.5105,63.0427,63.8091,69.0157,71.0901,72.68,
J-135,65.3297,70.7474,71.8589,81.3027,81.8316,81.5752,80.4195,72.034,70.4964,69.241,68.1466,67.2341,66.4733,65.9342,65.4702,64.9777,65.0495,63.5622,62.8343,61.4031,60.9258,61.7085,67.0066,69.0943,70.6905,
J-136,56.5772,61.9239,63.0407,72.4274,72.9573,72.6981,71.5355,63.2239,61.6556,60.3903,59.2926,58.3825,57.626,57.0944,56.6307,56.1359,56.1917,54.6613,53.8985,52.4229,51.9338,52.7386,58.1413,60.2626,61.8734,
J-137,51.1855,53.2707,54.3341,66.3787,66.8902,66.7009,65.7005,55.0252,54.3372,53.4012,52.4495,51.5516,50.757,50.1056,49.6942,49.3243,49.0436,50.4139,50.971,51.2654,51.2892,51.2593,51.4126,52.4439,53.6928,
J-138,64.2899,69.989,71.0989,80.6961,81.2174,80.9545,79.7922,71.1775,69.6931,68.4524,67.3645,66.4537,65.6927,65.1504,64.6899,64.2036,64.3031,62.9393,62.2598,60.8908,60.4325,61.1844,66.2986,68.3723,69.9581,
J-139,67.4915,73.0607,74.1709,83.5159,84.0511,83.8049,82.6648,74.3705,72.8278,71.5718,70.4768,69.5636,68.8018,68.2613,67.7951,67.3004,67.3749,65.8479,65.1105,63.6665,63.1856,63.9738,69.3131,71.3959,72.9886,
J-14,47.6562,48.9254,49.9187,58.3746,59.0041,59.0902,58.5433,51.3492,50.91,50.4791,50.0853,49.759,49.5625,49.3024,48.9537,48.6146,48.339,48.9858,49.2355,49.3949,49.4892,49.5898,49.9603,50.8055,51.772,
J-140,66.443,71.9821,73.0926,82.4354,82.9711,82.725,81.5851,73.2951,71.7513,70.4951,69.4002,68.4873,67.7257,67.1856,66.7194,66.2248,66.2985,64.771,64.031,62.5842,62.1025,62.8923,68.2354,70.3193,71.9122,
J-141,61.6923,67.4539,68.5648,77.9255,78.4677,78.2317,77.1026,68.84,67.2977,66.0488,64.9583,64.0458,63.2814,62.734,62.2598,61.759,61.8566,60.2979,59.5757,58.1535,57.6791,58.4595,63.7222,65.8086,67.3992,
J-142,63.7164,76.1539,77.2226,88.1211,88.5936,88.3306,87.2096,75.7301,74.7264,73.6809,72.6847,71.7852,71.007,70.4018,69.9877,69.5918,70.8919,71.365,71.4965,71.2497,71.1195,71.3283,73.2852,74.8991,76.3128,
J-143,64.092,76.5136,77.5832,88.4588,88.9264,88.6558,87.5231,76.039,75.0109,73.9584,72.9605,72.063,71.2885,70.6895,70.2781,69.883,71.177,71.6392,71.7561,71.4912,71.3561,71.5728,73.5985,75.2431,76.6652,
J-144,75.4076,80.8205,81.923,91.6672,92.1809,91.9153,90.7542,82.0454,80.5745,79.3427,78.2579,77.3452,76.5811,76.0337,75.5763,75.0957,75.1753,73.9949,73.4118,72.1739,71.7519,72.4401,77.2122,79.2184,80.7848,
J-145,59.4872,67.761,68.7269,76.3532,76.5502,76.0066,74.576,65.9694,64.0323,62.8294,61.9095,61.2315,60.7197,60.4566,60.1803,59.8352,60.2727,59.4261,58.8224,57.6013,57.2102,57.8457,63.097,65.8884,67.5221,
J-146,65.2547,70.5585,71.6753,80.8899,81.4221,81.1656,80.0065,71.8655,70.255,68.971,67.8644,66.9522,66.197,65.672,65.2085,64.7099,64.7513,63.1151,62.3089,60.7758,60.2696,61.0997,66.7122,68.8383,70.4603,
J-147,67.1045,72.9722,74.082,83.6606,84.1809,83.9165,82.7509,74.1413,72.6708,71.4309,70.342,69.4297,68.6672,68.1232,67.6613,67.1736,67.2807,65.8803,65.1981,63.8303,63.3714,64.1231,69.2618,71.3409,72.9276,
J-148,59.3976,70.0081,71.1117,81.4084,81.8892,81.5991,80.4113,70.279,68.9733,67.8033,66.7531,65.8463,65.0764,64.5061,64.0602,63.6062,64.3378,63.8138,63.5252,62.7017,62.4039,62.8938,66.5326,68.5138,70.0593,
J-149,51.1863,76.574,77.5825,88.3784,88.855,88.6482,87.6501,73.2471,72.5072,71.561,70.6062,69.7079,68.9145,68.2677,67.856,67.4832,72.1124,73.1771,73.3105,73.3811,73.3454,73.4004,74.2887,75.5372,76.8026,
J-15,50.1254,51.3993,52.3944,60.8337,61.4586,61.5356,60.9717,53.7465,53.2596,52.8113,52.4111,52.0866,51.8964,51.6455,51.3004,50.9615,50.6803,51.3083,51.5244,51.6429,51.7253,51.8444,52.359,53.2558,54.2348,
J-150,56.0846,60.8495,61.9234,73.2118,73.7173,73.4903,72.4158,62.2122,61.2178,60.1697,59.1683,58.2663,57.4853,56.876,56.4504,56.042,56.0786,56.5642,56.7102,56.4434,56.3031,56.5345,58.3536,59.7735,61.1359,
J-151,56.5644,61.3268,62.4005,73.6882,74.1936,73.9667,72.8924,62.69,61.6955,60.6475,59.6462,58.7441,57.963,57.3536,56.928,56.5197,56.5559,57.0447,57.1922,56.9276,56.7878,57.018,58.831,60.2494,61.6117,
J-152,59.0397,63.8184,64.8915,76.1542,76.6596,76.4328,75.3586,65.182,64.1835,63.1338,62.1313,61.2284,60.4468,59.8373,59.4112,59.0019,59.0385,59.5076,59.6477,59.3724,59.2292,59.464,61.307,62.7293,64.0924,
J-153,51.472,54.5735,55.6386,67.5799,68.0901,67.8979,66.8932,56.162,55.4679,54.528,53.5745,52.6764,51.8825,51.2328,50.8209,50.4496,50.2783,51.619,52.1391,52.4167,52.4364,52.4126,52.6375,53.7068,54.9695,
J-154,51.5621,53.6214,54.6848,66.7238,67.2353,67.0459,66.0455,55.3709,54.682,53.7458,52.7939,51.896,51.1016,50.4503,50.0389,49.669,49.3931,50.7614,51.3168,51.6105,51.6341,51.6043,51.7604,52.7932,54.0424,
J-155,54.4001,59.6106,60.7304,69.7968,70.3475,70.112,68.9819,61.0018,59.3762,58.0913,56.9859,56.0758,55.3225,54.7988,54.3345,53.8354,53.873,52.2063,51.3718,49.8001,49.283,50.1341,55.7875,57.899,59.5227,
J-156,53.9859,59.1959,60.3159,69.3847,69.9354,69.7,68.5697,60.5874,58.9622,57.6774,56.5722,55.6622,54.9089,54.3853,53.921,53.4219,53.4597,51.7945,50.9601,49.3886,48.8716,49.7226,55.3736,57.4855,59.1094,
J-157,40.6086,45.7606,46.8802,55.8416,56.4194,56.2224,55.1394,47.2643,45.6763,44.411,43.3158,42.4085,41.6537,41.1219,40.6528,40.1532,40.1938,38.5206,37.6939,36.135,35.6228,36.4701,41.998,44.0891,45.703,
J-158,40.5758,45.7277,46.8473,55.8087,56.3865,56.1895,55.1065,47.2312,45.6432,44.378,43.2828,42.3755,41.6207,41.0889,40.6199,40.1203,40.1608,38.4876,37.661,36.1021,35.59,36.4373,41.9651,44.0562,45.6701,
J-159,54.8382,60.0503,61.1701,70.2404,70.7901,70.5534,69.4217,61.4373,59.81,58.5242,57.4184,56.5082,55.755,55.2317,54.7675,54.2685,54.3059,52.639,51.8041,50.2317,49.7144,50.5657,56.2243,58.3373,59.9614,
J-16,61.26,66.6303,67.7448,77.1433,77.6724,77.4133,76.2516,67.9266,66.3612,65.0959,63.9985,63.0874,62.3295,61.7959,61.3323,60.8383,60.8997,59.3768,58.6246,57.1619,56.676,57.4741,62.8553,64.9658,66.5726,
J-160,54.9466,60.1592,61.279,70.35,70.8997,70.6629,69.5311,61.5466,59.9199,58.6343,57.5286,56.6183,55.865,55.3417,54.8774,54.3783,54.4159,52.7489,51.9144,50.3426,49.8254,50.6764,56.3337,58.4461,60.0702,
J-161,61.4454,66.6623,67.7736,76.7931,77.3369,77.1005,75.9731,68.0427,66.4383,65.1644,64.0662,63.1597,62.4079,61.8831,61.4192,60.9211,60.9588,59.2594,58.4418,56.8886,56.3769,57.2172,62.8405,64.9467,66.5602,
J-162,53.1862,58.4303,59.5496,68.6737,69.224,68.9891,67.8573,59.8311,58.231,56.9564,55.8555,54.9456,54.1903,53.6614,53.195,52.6958,52.7373,51.071,50.2509,48.6988,48.1876,49.0296,54.6146,56.7342,58.3551,
J-163,62.3064,67.7256,68.8344,78.5466,79.0662,78.8018,77.6369,68.9683,67.48,66.2442,65.1588,64.248,63.4863,62.942,62.4828,61.9995,62.0831,60.8152,60.1754,58.8627,58.42,59.1468,64.0934,66.1411,67.7179,
J-164,50.7957,54.7637,55.8307,67.5865,68.0946,67.8893,66.8581,56.2506,55.4365,54.4551,53.4837,52.5848,51.7966,51.163,50.7461,50.361,50.3347,51.5445,51.7291,51.7843,51.7394,51.8202,52.6685,53.8545,55.1447,
J-165,52.0047,55.1175,56.183,68.1023,68.6123,68.4191,67.4126,56.7032,56.0016,55.0591,54.1044,53.2061,52.4123,51.7633,51.3511,50.979,50.8039,52.1356,52.6412,52.9072,52.9231,52.905,53.1608,54.2407,55.507,
J-166,60.9649,66.6834,67.7924,77.0574,77.6067,77.3828,76.2729,68.1113,66.5692,65.3207,64.2305,63.3182,62.5539,62.0065,61.532,61.0309,61.1262,59.5272,58.795,57.3619,56.8848,57.67,62.9566,65.0347,66.6203,
J-167,57.742,63.3097,64.4128,73.3081,73.8942,73.7285,72.7067,64.8888,63.3466,62.1021,61.0145,60.1022,59.3354,58.7819,58.2973,57.787,57.8574,56.1768,55.4162,53.9458,53.4594,54.2619,59.6126,61.6562,63.2213,
J-168,58.7952,63.5314,64.6036,75.9066,76.4121,76.187,75.1163,64.9026,63.9194,62.8754,61.8754,60.9727,60.1904,59.5789,59.1535,58.7463,58.7797,59.2959,59.4576,59.2111,59.0763,59.2975,61.0537,62.4564,63.8132,
J-169,49.1673,62.4816,63.5348,74.779,75.2722,75.0585,74.0258,62.0215,61.2817,60.3345,59.3783,58.4786,57.6837,57.035,56.6221,56.2487,57.8524,58.9644,59.1105,59.1866,59.1523,59.2125,60.1385,61.4393,62.7575,
J-17,61.058,66.4347,67.549,76.9433,77.475,77.2198,76.0636,67.7418,66.185,64.9237,63.8272,62.9157,62.1567,61.621,61.1563,60.6619,60.725,59.199,58.4475,56.9856,56.4998,57.2978,62.6704,64.7746,66.379,
J-170,48.7961,61.945,63,74.2306,74.7239,74.5084,73.4718,61.5356,60.7813,59.8285,58.8702,57.9706,57.1766,56.5301,56.1166,55.7413,57.2893,58.3889,58.5065,58.5635,58.5234,58.5932,59.5772,60.8943,62.2182,
J-171,68.6664,74.017,75.1208,84.9685,85.4842,85.221,84.0628,75.2675,73.8193,72.5973,71.5173,70.6057,69.8412,69.291,68.8349,68.3577,68.4333,67.3255,66.7632,65.5528,65.1391,65.8161,70.4752,72.461,74.0171,
J-172,75.042,80.4556,81.5583,91.3072,91.8211,91.5558,90.3948,81.6823,80.2122,78.9806,77.8958,76.983,76.2187,75.671,75.2135,74.7329,74.8127,73.6338,73.0509,71.8135,71.3916,72.0798,76.8491,78.8548,80.4211,
J-173,69.5932,75.2482,76.3575,85.7453,86.2809,86.0375,84.8986,76.5333,75,73.7494,72.6567,71.7432,70.9801,70.437,69.9718,69.4792,69.5687,68.0738,67.3542,65.9321,65.457,66.2348,71.5131,73.5911,75.1815,
J-174,43.3518,48.4028,49.5177,58.132,58.7316,58.5733,57.5662,49.8261,48.1078,46.7934,45.678,44.7715,44.027,43.5203,43.0572,42.5538,42.5673,40.8345,39.9293,38.2651,37.7223,38.6183,44.5283,46.6874,48.3031,
J-175,41.3597,45.8906,46.9749,54.7523,55.4967,55.5605,54.8395,48.234,46.7465,45.5315,44.4578,43.544,42.7627,42.1777,41.6526,41.1082,41.0618,39.0448,38.2282,36.6799,36.1719,37.0161,42.422,44.2608,45.7635,
J-176,40.7714,45.8117,46.9261,55.5308,56.138,55.99,54.9933,47.2723,45.5713,44.264,43.1518,42.2453,41.4992,40.9883,40.5228,40.0186,40.0325,38.3074,37.4105,35.7578,35.2185,36.1097,41.9636,44.1086,45.72,
J-177,76.9862,83.1477,84.2536,93.8308,94.3459,94.0768,92.907,84.2673,82.8152,81.5735,80.4828,79.5685,78.8041,78.2589,77.7967,77.3084,77.4266,76.0258,75.3554,74.0021,73.5468,74.2893,79.425,81.4986,83.0837,
J-178,74.7808,80.9401,82.0471,91.641,92.1568,91.888,90.7178,82.0617,80.611,79.3702,78.2799,77.3658,76.6014,76.0559,75.5937,75.1056,75.2246,73.8325,73.1627,71.8108,71.3561,72.0984,77.2228,79.2976,80.883,
J-179,53.5978,58.8301,59.9494,69.0536,69.6048,69.371,68.241,60.2372,58.6341,57.3583,56.2568,55.3467,54.5915,54.0631,53.5967,53.0973,53.1379,51.4646,50.6403,49.0826,48.5698,49.4144,55.0139,57.1299,58.7512,
J-18,61.2821,66.6068,67.7229,77.0015,77.5374,77.2857,76.1331,67.9449,66.3615,65.0896,63.9888,63.0771,62.3196,61.788,61.3222,60.8243,60.8742,59.2705,58.485,56.9775,56.4786,57.2982,62.8021,64.9193,66.533,
J-180,58.5353,65.4761,66.5754,75.6444,76.2396,76.0999,75.1126,67.1318,65.7458,64.5646,63.5049,62.588,61.7978,61.1947,60.6754,60.1436,60.3338,58.7058,58.1068,56.8534,56.4315,57.132,61.8868,63.8759,65.4202,
J-181,64.4329,70.1315,71.2402,80.9132,81.4307,81.1629,79.9919,71.3065,69.833,68.5948,67.5074,66.5961,65.8342,65.2904,64.8299,64.3441,64.452,63.1199,62.4599,61.1218,60.6719,61.4099,66.4563,68.5288,70.1117,
J-182,52.3347,57.5387,58.6573,67.7021,68.2593,68.0346,66.9172,58.9739,57.3717,56.0966,54.9956,54.0859,53.3309,52.8024,52.3358,51.8363,51.8765,50.1955,49.367,47.8041,47.2899,48.137,53.7367,55.8379,57.457,
J-183,58.5366,63.4326,64.4668,72.8441,73.2984,73.0175,71.8911,64.3205,62.7401,61.5382,60.5201,59.693,59.0149,58.5565,58.1421,57.6888,57.7199,56.1467,55.4266,53.9669,53.4883,54.2732,59.6569,61.7835,63.323,
J-184,42.3662,46.7769,47.8533,55.4188,56.1948,56.3089,55.6584,49.2934,47.8355,46.6337,45.5654,44.6499,43.8621,43.2641,42.7269,42.173,42.1094,40.0075,39.1953,37.6523,37.146,37.9882,43.3613,45.1592,46.6378,
J-185,60.2782,70.8626,71.9676,82.241,82.7189,82.4233,81.2261,71.1065,69.775,68.5958,67.5421,66.636,65.8686,65.3038,64.8596,64.4054,65.1274,64.5772,64.2695,63.4207,63.1155,63.6171,67.3419,69.3509,70.9049,
J-186,41.4466,46.5945,47.7138,56.66,57.2382,57.042,55.9606,48.0951,46.5037,45.2363,44.1401,43.2327,42.478,41.9469,41.4776,40.9775,41.0159,39.3468,38.5186,36.9574,36.4445,37.2927,42.831,44.919,46.5327,
J-187,52.3615,57.577,58.691,67.757,68.3015,68.0642,66.9334,58.9443,57.3444,56.0747,54.9797,54.0759,53.3262,52.8025,52.3398,51.8438,51.8842,50.223,49.4077,47.8591,47.3495,48.189,53.7629,55.8851,57.5013,
J-188,49.1424,54.3608,55.4796,64.5404,65.1014,64.8819,63.7705,55.806,54.2194,52.9509,51.8531,50.9439,50.1881,49.6568,49.1889,48.6894,48.7309,47.0533,46.2334,44.6821,44.1715,45.0138,50.5701,52.6746,54.2911,
J-189,70.3638,80.418,81.511,91.6021,92.1102,91.8631,90.7396,80.9612,79.6884,78.525,77.4751,76.5629,75.7837,75.1996,74.74,74.2739,74.94,74.3153,74.0232,73.1909,72.8894,73.3825,77.0251,78.9227,80.4383,
J-19,61.7179,67.0419,68.158,77.4321,77.9688,77.7181,76.5671,68.3883,66.806,65.5347,64.4339,63.5218,62.7637,62.2313,61.7649,61.2665,61.3161,59.707,58.9213,57.4134,56.9144,57.7341,63.2393,65.3535,66.9666,
J-190,55.3342,60.5689,61.688,70.788,71.3384,71.1037,69.9725,61.9688,60.3613,59.0833,57.9807,57.0703,56.3152,55.7875,55.3215,54.8221,54.8625,53.1891,52.3644,50.8059,50.2927,51.1373,56.7483,58.8637,60.4853,
J-191,62.1806,67.4764,68.5932,77.8153,78.3466,78.0895,76.9301,68.7781,67.1692,65.8874,64.7827,63.8723,63.1186,62.5947,62.132,61.6346,61.6769,60.0546,59.2509,57.7211,57.2161,58.0451,63.6354,65.7657,67.3869,
J-192,68.7062,74.3603,75.4699,84.9461,85.4739,85.2192,84.0675,75.6124,74.0971,72.8495,71.7578,70.8447,70.0822,69.5394,69.0762,68.5856,68.676,67.2209,66.5156,65.1144,64.6455,65.4132,70.6361,72.7124,74.3022,
J-193,67.3061,72.6579,73.7713,83.3729,83.8845,83.6043,82.4139,73.8765,72.3074,71.0401,69.9411,69.0296,68.2727,67.742,67.2839,66.7951,66.8505,65.4613,64.7598,63.3658,62.8996,63.6633,68.8934,71.0042,72.6065,
J-194,59.7526,65.0555,66.1716,75.2947,75.8447,75.612,74.4855,66.4608,64.8742,63.6024,62.5017,61.5898,60.8316,60.2986,59.83,59.3298,59.3753,57.7069,56.9022,55.3691,54.8629,55.6949,61.2521,63.3555,64.9683,
J-195,59.2362,64.5278,65.6443,74.7659,75.3159,75.083,73.9556,65.9351,64.3474,63.0751,61.9741,61.0623,60.3043,59.7716,59.3029,58.8024,58.8466,57.1737,56.3662,54.8294,54.3223,55.1561,60.7218,62.8268,64.441,
J-196,39.2411,44.3797,45.4995,54.4426,55.0237,54.8309,53.7533,45.8954,44.307,43.042,41.9472,41.0401,40.2853,39.7532,39.2833,38.7832,38.8226,37.1509,36.3232,34.7631,34.2507,35.0988,40.6218,42.7105,44.3239,
J-197,53.115,58.3233,59.4431,68.513,69.0636,68.8281,67.698,59.713,58.0888,56.8048,55.7002,54.7907,54.0379,53.5146,53.0505,52.5518,52.5898,50.9283,50.0947,48.524,48.0074,48.8581,54.5026,56.6155,58.2391,
J-198,61.2684,66.1375,67.1766,75.6985,76.0774,75.6929,74.4178,66.3494,64.5861,63.3428,62.3242,61.5238,60.8848,60.4842,60.1069,59.6781,59.6914,58.3289,57.6094,56.1676,55.6981,56.4658,62.0083,64.4021,66.0052,
J-199,61.2565,66.2901,67.364,76.2302,76.6302,76.2405,74.9303,66.5716,64.771,63.4921,62.4409,61.6121,60.9489,60.5298,60.1377,59.6943,59.7112,58.337,57.5848,56.1105,55.6299,56.4165,62.0761,64.5185,66.1661,
J-2,50.919,77.4137,78.4217,89.2115,89.6879,89.4811,88.4833,74.0888,73.3489,72.4026,71.4478,70.5494,69.756,69.1093,68.6976,68.3247,72.9517,74.0161,74.149,74.2193,74.1835,74.2383,75.1264,76.3745,77.6396,
J-20,68.1072,78.674,79.7769,89.9962,90.4711,90.1722,88.9714,78.9019,77.5528,76.3661,75.3088,74.4018,73.6349,73.073,72.6298,72.1749,72.8934,72.3165,72.0001,71.1388,70.8294,71.335,75.1135,77.1322,78.6892,
J-200,51.5776,64.0783,65.1386,76.2977,76.7905,76.5685,75.5177,63.8668,63.0567,62.0816,61.1132,60.2126,59.4209,58.7823,58.3656,57.9824,59.3155,60.3677,60.3738,60.3565,60.2935,60.3988,61.6042,62.9831,64.3285,
J-201,49.7845,63.0177,64.0721,75.2923,75.7852,75.5695,74.5326,62.5782,61.823,60.8698,59.911,59.011,58.2167,57.5701,57.1563,56.7808,58.3579,59.455,59.5658,59.6188,59.5775,59.6485,60.644,61.9631,63.2871,
J-202,64.0362,69.6386,70.7471,80.434,80.952,80.6848,79.5154,70.8318,69.3529,68.1152,67.0283,66.1171,65.3553,64.8115,64.3515,63.8664,63.9677,62.6581,62.0055,60.6769,60.2297,60.9634,65.9757,68.0415,69.6224,
J-203,40.9622,46.0165,47.1314,55.7768,56.3745,56.2121,55.2008,47.4434,45.7301,44.4176,43.3031,42.3968,41.6522,41.1449,40.6818,40.1789,40.194,38.4747,37.5717,35.911,35.3694,36.2642,42.1507,44.3106,45.9246,
J-204,41.6124,46.6674,47.7823,56.4268,57.024,56.8609,55.8489,48.0938,46.3798,45.0669,43.9521,43.0456,42.301,41.7937,41.3306,40.8275,40.8425,39.1202,38.2169,36.5558,36.0139,36.9089,42.8001,44.9596,46.5738,
J-205,81.2159,86.6312,87.7309,97.4301,97.9423,97.6766,96.5173,87.8574,86.3814,85.1471,84.061,83.1477,82.3833,81.8362,81.3785,80.8969,80.9754,79.7723,79.1877,77.9469,77.5235,78.2118,83.0094,85.0122,86.579,
J-206,82.0299,87.4465,88.546,98.2411,98.7533,98.4877,97.3284,88.6735,87.1966,85.9618,84.8753,83.9618,83.1971,82.6499,82.1921,81.7103,81.7887,80.5823,79.9974,78.756,78.3324,79.0208,83.8224,85.8251,87.392,
J-207,40.2865,45.3995,46.5044,54.9272,55.5887,55.5181,54.5915,47.3553,45.8316,44.6049,43.5291,42.6208,41.8498,41.281,40.7702,40.236,40.2152,38.3042,37.5046,35.9793,35.4785,36.3111,41.7196,43.7467,45.3146,
J-208,44.4913,49.4693,50.5771,59.0414,59.6832,59.5854,58.6356,51.2606,49.6879,48.4338,47.3437,46.4341,45.6706,45.1221,44.632,44.1139,44.1181,42.3193,41.4916,39.9293,39.4164,40.2656,45.7995,47.7894,49.3705,
J-209,42.0513,47.1576,48.2794,57.1659,57.7281,57.5071,56.4093,48.5335,46.8235,45.5114,44.3968,43.4903,42.7458,42.2388,41.7768,41.275,41.2929,39.5803,38.6799,37.0227,36.4821,37.3751,43.2613,45.4431,47.0739,
J-21,64.5636,74.5648,75.6106,85.1997,85.634,85.3347,84.179,74.6634,73.3433,72.2095,71.2069,70.3525,69.633,69.1118,68.6969,68.2676,68.9404,68.358,68.0592,67.2164,66.9161,67.4068,71.0984,73.0742,74.567,
J-210,41.714,46.8319,47.9546,56.8796,57.4391,57.2137,56.107,48.2039,46.5018,45.1926,44.0792,43.1729,42.428,41.9197,41.4579,40.9567,40.9769,39.2759,38.3824,36.7342,36.1962,37.085,42.9408,45.1212,46.7529,
J-211,51.4905,56.6958,57.8162,66.8834,67.4365,67.2042,66.0772,58.0979,56.4782,55.1964,54.0927,53.1833,52.43,51.9054,51.4406,50.9417,50.9799,49.3181,48.485,46.9154,46.3992,47.2498,52.8806,54.992,56.6155,
J-212,52.1158,57.3217,58.4419,67.5067,68.0597,67.8273,66.7002,58.7241,57.1041,55.822,54.7181,53.8085,53.0551,52.5305,52.0656,51.5665,51.6047,49.9403,49.107,47.5372,47.0208,47.8714,53.5059,55.6164,57.2398,
J-213,72.8005,82.0111,83.1056,92.8615,93.3923,93.1724,92.0827,82.8888,81.568,80.3945,79.3388,78.4239,77.6408,77.0517,76.5736,76.0861,76.5972,75.6274,75.2279,74.2461,73.9009,74.4667,78.5246,80.4607,81.9891,
J-214,69.3694,79.323,80.4169,90.4769,90.9872,90.7423,89.6208,79.9027,78.6217,77.4558,76.4048,75.4926,74.7136,74.1301,73.6688,73.2005,73.8463,73.1839,72.8771,72.025,71.7178,72.2207,75.918,77.8236,79.342,
J-215,69.7019,76.8584,77.9667,87.6036,88.1179,87.8496,86.6798,77.826,76.4367,75.2102,74.1259,73.2132,72.4483,71.899,71.4377,70.953,71.1406,69.818,69.1828,67.8825,67.4441,68.1616,73.1508,75.2318,76.8143,
J-216,69.8334,76.9842,78.0915,87.7175,88.231,87.9626,86.7935,77.9487,76.5598,75.3341,74.2507,73.3388,72.5747,72.026,71.5652,71.081,71.2682,69.9454,69.3108,68.011,67.5728,68.2899,73.2777,75.3579,76.9393,
J-217,63.239,68.6497,69.7621,79.2302,79.7577,79.4993,78.3408,69.9216,68.3814,67.1259,66.0318,65.1202,64.3604,63.8228,63.3601,62.8689,62.9396,61.4773,60.7515,59.323,58.8466,59.6285,64.9117,67.0044,68.6017,
J-218,66.1402,73.8043,74.9021,84.2866,84.8472,84.663,83.618,75.1274,73.7549,72.5741,71.5149,70.5989,69.8121,69.216,68.7132,68.1988,68.512,67.1537,66.6348,65.4911,65.1004,65.7462,70.24,72.2177,73.7595,
J-219,59.6949,70.1861,71.2783,81.5647,82.0677,81.8181,80.694,70.5727,69.3539,68.2164,67.1793,66.2712,65.4931,64.9045,64.4524,63.9995,64.7752,64.3638,64.1483,63.4228,63.1535,63.5968,66.9138,68.762,70.2605,
J-22,47.5749,48.8856,49.897,58.305,58.899,58.9151,58.241,50.7552,49.9956,49.4471,49.0054,48.6827,48.5136,48.3212,48.0001,47.665,47.3569,47.8799,47.9263,47.8222,47.8395,48.0606,49.3928,50.6035,51.6686,
J-220,59.7773,69.8231,70.9187,81.0536,81.562,81.3148,80.1898,70.3493,69.0801,67.9218,66.8763,65.9677,65.1916,64.6094,64.1516,63.6882,64.3607,63.7671,63.4762,62.6474,62.3479,62.8412,66.4575,68.3591,69.8751,
J-223,54.9486,62.3959,63.4603,74.883,75.3848,75.1703,74.1272,63.3085,62.4562,61.4632,60.4866,59.586,58.7976,58.1669,57.7485,57.3594,57.7604,58.8786,58.9752,58.9682,58.9029,59.0116,60.0641,61.3689,62.6957,
J-224,76.5249,82.5225,83.6287,93.2128,93.7285,93.4599,92.2903,83.6627,82.2024,80.959,79.8675,78.9529,78.1885,77.6436,77.1813,76.6927,76.8073,75.4056,74.7339,73.3788,72.923,73.6666,78.8035,80.8755,82.4608,
J-225,64.9092,69.0204,69.8302,75.8212,76.0074,75.5758,74.4128,68.1131,66.4654,65.4302,64.6358,64.0537,63.6148,63.3906,63.1401,62.825,62.8253,61.4677,60.8881,59.58,59.1656,59.8366,65.0257,67.3768,68.7609,
J-226,45.1637,50.5,51.5962,59.9495,60.6135,60.5617,59.7074,52.5333,51.0383,49.8213,48.7473,47.834,47.0542,46.4712,45.9496,45.407,45.3894,43.4616,42.6955,41.2145,40.7263,41.5382,46.852,48.8721,50.4076,
J-227,44.5082,49.7988,50.894,59.1737,59.8539,59.8222,58.9926,52.0009,50.5386,49.3351,48.2667,47.3516,46.5653,45.9692,45.4347,44.8817,44.8421,42.7954,42.0288,40.5467,40.0585,40.8716,46.1667,48.1724,49.7054,
J-228,53.0629,58.3905,59.4841,67.756,68.428,68.3861,67.5497,60.4834,58.9926,57.7765,56.7016,55.7856,55.002,54.4138,53.8869,53.339,53.3125,51.3106,50.543,49.0583,48.5687,49.3816,54.7378,56.743,58.2764,
J-229,51.2447,77.5267,78.5347,89.3238,89.8002,89.5934,88.5957,74.202,73.462,72.5157,71.5609,70.6625,69.869,69.2223,68.8106,68.4377,73.0645,74.1289,74.2618,74.3321,74.2962,74.3509,75.2391,76.4872,77.7523,
J-23,41.9863,44.4641,45.4456,50.1425,51.2972,52.0109,52.211,48.6877,47.3773,46.2491,45.2125,44.2864,43.457,42.7771,42.1529,41.5312,41.335,38.6555,37.8252,36.2525,35.7399,36.598,41.8172,42.9467,44.1442,
J-230,62.7159,68.3302,69.4392,78.6551,79.2023,78.9734,77.8569,69.7438,68.1881,66.9343,65.8421,64.9302,64.1675,63.6235,63.1503,62.6494,62.7259,61.1162,60.3638,58.902,58.417,59.2144,64.5838,66.6641,68.2538,
J-231,63.1818,68.6204,69.7308,79.3131,79.8373,79.5769,78.4164,69.8779,68.3649,67.1207,66.031,65.1195,64.3584,63.8166,63.355,62.8671,62.9489,61.5709,60.886,59.5127,59.0523,59.8079,64.9323,67.0033,68.5905,
J-232,58.011,68.696,69.7987,80.1398,80.6202,80.3308,79.1441,68.924,67.6313,66.467,65.4193,64.513,63.7427,63.1707,62.7256,62.2738,63.0278,62.5589,62.29,61.4938,61.2041,61.681,65.2462,67.2175,68.7578,
J-233,42.113,47.2192,48.3416,57.223,57.7832,57.5587,56.455,48.5688,46.8458,45.5295,44.4136,43.508,42.7652,42.2613,41.8007,41.2994,41.3157,39.5989,38.6918,37.0256,36.4824,37.3795,43.3009,45.498,47.1329,
J-234,43.7838,48.8901,50.0114,58.8859,59.4474,59.2257,58.1272,50.2587,48.5432,47.2288,46.1132,45.2066,44.4623,43.9561,43.4945,42.9924,43.0093,41.2878,40.3846,38.7234,38.1815,39.0761,44.9847,47.1688,48.8005,
J-235,69.3525,75.9681,77.0728,86.3891,86.9385,86.7244,85.6293,77.3198,75.8355,74.6132,73.5346,72.6197,71.845,71.2762,70.7871,70.2768,70.4578,68.9357,68.2904,66.9729,66.5301,67.2584,72.264,74.3225,75.8976,
J-236,62.2812,69.5589,70.6595,79.9476,80.5172,80.3412,79.3046,70.9999,69.6067,68.4205,67.3587,66.4426,65.6559,65.0604,64.5527,64.032,64.2827,62.8107,62.2452,61.038,60.6291,61.3063,65.9633,67.9623,69.5119,
J-237,60.0291,70.6094,71.7148,81.9828,82.4591,82.1608,80.9592,70.8329,69.4917,68.3096,67.2553,66.35,65.5841,65.0218,64.5788,64.125,64.8453,64.2923,63.979,63.1229,62.8157,63.3205,67.0724,69.0934,70.6505,
J-238,91.0926,103.432,104.491,115.138,115.59,115.302,114.149,102.872,101.784,100.71,99.7033,98.805,98.0339,97.446,97.0377,96.6404,97.897,98.2937,98.3798,98.0757,97.9267,98.154,100.332,102.043,103.48,
J-239,61.895,67.1911,68.3074,77.5047,78.0463,77.802,76.6597,68.5656,66.9782,65.7048,64.6031,63.6908,62.9328,62.4008,61.9333,61.4333,61.4774,59.8249,59.0247,57.4975,56.9928,57.8216,63.3784,65.4905,67.1057,
J-24,69.0689,79.6294,80.7314,90.9401,91.4146,91.1158,89.9157,79.8576,78.5081,77.3214,76.2642,75.3573,74.5907,74.0291,73.5861,73.1312,73.8492,73.2693,72.9528,72.0913,71.7818,72.2873,76.0676,78.0851,79.6415,
J-240,14.2709,15.2884,15.6354,16.3632,16.1262,15.547,14.5516,11.9755,10.4771,9.91592,9.6277,9.53325,9.53856,9.70055,9.72902,9.67066,9.54139,9.14475,8.22434,7.32282,7.06956,7.48271,11.4567,13.8272,14.8116,
J-242,59.2574,64.8729,65.9835,75.226,75.7745,75.5464,74.4296,66.2937,64.7414,63.4891,62.3975,61.4856,60.7228,60.178,59.7044,59.2035,59.2815,57.6849,56.9336,55.4742,54.9901,55.7871,61.1353,63.2172,64.8076,
J-243,47.9919,53.3031,54.3964,62.6716,63.3489,63.3153,62.4828,55.5173,54.0567,52.8531,51.784,50.8677,50.0801,49.4825,48.9473,48.3935,48.3561,46.2993,45.5355,44.0564,43.5688,44.3802,49.6761,51.672,53.2001,
J-244,57.0685,62.4193,63.5106,71.8059,72.4703,72.4192,71.5669,64.4903,62.9912,61.7706,60.6931,59.776,58.9926,58.4063,57.8817,57.3353,57.3162,55.3261,54.5585,53.0725,52.582,53.395,58.7651,60.7652,62.2933,
J-245,60.9394,71.3107,72.4107,82.5981,83.0929,82.8241,81.6687,71.7162,70.4092,69.2376,68.1863,67.2786,66.5075,65.9359,65.487,65.0298,65.7397,65.1663,64.8657,64.0248,63.7216,64.2199,67.8838,69.8215,71.3543,
J-246,68.7002,78.9425,80.0371,90.1428,90.6431,90.385,89.2469,79.4046,78.1028,76.9311,75.879,74.9695,74.196,73.6215,73.1695,72.7089,73.3997,72.7928,72.4917,71.6483,71.3437,71.8418,75.5245,77.4401,78.9635,
J-247,45.4144,50.5194,51.6412,60.4956,61.0533,60.8258,59.7182,51.8428,50.1043,48.7824,47.6644,46.7589,46.0175,45.5166,45.0573,44.5557,44.5695,42.8343,41.9197,40.243,39.6967,40.5979,46.5747,48.7824,50.4207,
J-248,44.4394,49.5436,50.666,59.5218,60.078,59.848,58.7362,50.8497,49.1046,47.7811,46.663,45.7585,45.0184,44.5196,44.0612,43.5602,43.5735,41.8403,40.9227,39.242,38.6947,39.5978,45.5871,47.8052,49.4462,
J-249,52.1519,64.6674,65.7342,76.7586,77.2477,77.0125,75.9357,64.396,63.4999,62.4921,61.5102,60.6086,59.8208,59.1939,58.7728,58.3786,59.723,60.685,60.4778,60.3203,60.2167,60.3874,62.0213,63.5091,64.8876,
J-25,70.6165,81.1811,82.2832,92.4902,92.9651,92.6665,91.4666,81.4136,80.0632,78.8753,77.817,76.9091,76.1416,75.5795,75.136,74.6805,75.3988,74.8151,74.4983,73.6361,73.3262,73.8318,77.6158,79.6321,81.1887,
J-250,65.7343,71.1146,72.2039,80.4631,81.1254,81.0728,80.2223,73.1229,71.6071,70.3785,69.2966,68.3782,67.5955,67.013,66.4921,65.9478,65.9357,63.9545,63.1846,61.6938,61.2013,62.0151,67.4397,69.4383,70.9667,
J-252,41.1539,46.4428,47.5386,55.8286,56.5086,56.4773,55.6479,48.6462,47.1873,45.986,44.9192,44.0053,43.2198,42.6239,42.0896,41.537,41.4972,39.4629,38.6974,37.2174,36.73,37.5424,42.8154,44.8251,46.3582,
J-253,39.0952,41.1291,42.0877,46.2719,47.5202,48.3805,48.7817,45.7392,44.5371,43.454,42.4349,41.503,40.6527,39.9313,39.2695,38.6198,38.3403,35.6215,34.8114,33.2661,32.7617,33.6091,38.69,39.6771,40.7998,
J-254,53.9828,66.4037,67.4647,78.5373,79.0279,78.8008,77.7413,66.1888,65.3423,64.3541,63.3808,62.4804,61.6909,61.0579,60.6396,60.2518,61.5693,62.5822,62.4983,62.4233,62.3432,62.4746,63.8538,65.2759,66.6334,
J-255,60.2923,70.877,71.982,82.2561,82.7342,82.4389,81.2421,71.123,69.7923,68.6133,67.5597,66.6535,65.886,65.321,64.8767,64.4224,65.1446,64.5947,64.2874,63.4391,63.1341,63.6354,67.358,69.3659,70.9196,
J-256,53.0816,58.7639,59.8308,71.3887,71.8941,71.6834,70.6443,60.0003,59.1462,58.1524,57.1757,56.2759,55.4886,54.8592,54.4408,54.0515,54.1975,55.3496,55.4827,55.485,55.4221,55.5291,56.5133,57.7793,59.0959,
J-258,53.1263,58.3532,59.4711,68.5314,69.0898,68.8673,67.7529,59.7927,58.2057,56.9353,55.836,54.9258,54.1693,53.6378,53.1696,52.6695,52.7104,51.0213,50.2017,48.6503,48.1394,48.981,54.5559,56.658,58.274,
J-259,47.5313,52.8243,53.918,62.1762,62.8564,62.8263,62.0004,55.0467,53.5876,52.385,51.3164,50.4004,49.6129,49.0148,48.4789,47.9244,47.8833,45.813,45.0475,43.5661,43.078,43.8905,49.1926,51.1923,52.7226,
J-26,73.8195,80.6413,81.7485,91.2622,91.7833,91.5244,90.3682,81.6684,80.2509,79.0167,77.9287,77.0148,76.2498,75.7019,75.2388,74.7507,74.9197,73.5121,72.842,71.4968,71.0451,71.7829,76.9107,78.9941,80.5787,
J-260,49.6244,54.9334,56.0574,65.5525,66.0553,65.7523,64.5209,56.0161,54.3573,53.0646,51.9606,51.0589,50.3178,49.8115,49.3609,48.8726,48.9142,47.4018,46.5953,45.0636,44.5597,45.3904,51.0014,53.2507,54.8959,
J-261,40.2335,45.3574,46.4806,55.4336,55.9911,55.7627,54.65,46.7244,45.0295,43.7236,42.6122,41.7066,40.962,40.4533,39.9919,39.4918,39.514,37.8274,36.9396,35.2991,34.7634,35.6488,41.4729,43.6535,45.2854,
J-262,70.6018,81.1659,82.268,92.4744,92.9493,92.6506,91.4505,81.3976,80.047,78.859,77.8007,76.8929,76.1255,75.5634,75.12,74.6646,75.3828,74.799,74.482,73.6197,73.3097,73.8154,77.6001,79.6168,81.1735,
J-263,48.3579,49.6341,50.6305,59.0686,59.6904,59.762,59.189,51.9423,51.4369,50.9821,50.5789,50.2539,50.0639,49.8176,49.4747,49.1365,48.8542,49.4749,49.6816,49.7861,49.8644,49.9899,50.559,51.4792,52.4654,
J-264,51.3892,53.4282,54.3793,58.5088,59.7549,60.6167,61.0247,58.0606,56.8462,55.7555,54.7309,53.7952,52.9425,52.2205,51.5596,50.9095,50.636,47.8424,47.0305,45.4781,44.9713,45.8211,51.0168,51.9674,53.0751,
J-265,74.2989,81.0776,82.1784,91.4481,92.0007,91.7955,90.7159,82.4534,80.9874,79.7726,78.6971,77.7811,77.0028,76.4272,75.9331,75.4193,75.6163,74.081,73.4558,72.1642,71.729,72.444,77.3883,79.427,80.994,
J-266,50.6209,55.9212,57.0142,65.2604,65.9403,65.9104,65.0859,58.1391,56.6768,55.4723,54.4024,53.4855,52.6973,52.0992,51.5633,51.0085,50.9681,48.8888,48.123,46.6406,46.1519,46.9646,52.2844,54.2818,55.8113,
J-267,55.8949,68.3642,69.431,80.4173,80.905,80.6668,79.5851,68.1021,67.1881,66.1728,65.1872,64.2847,63.4969,62.8722,62.4503,62.0537,63.3773,63.8979,64.0823,63.9027,63.7923,63.9725,65.6761,67.1835,68.5678,
J-269,42.5131,44.9169,45.8925,50.4994,51.6742,52.4207,52.6685,49.2531,47.9812,46.8665,45.8342,44.9053,44.0693,43.3772,42.7448,42.118,41.914,39.2322,38.4161,36.8629,36.3558,37.2055,42.3501,43.4218,44.5971,
J-27,58.7083,64.2906,65.4012,74.6348,75.1837,74.9558,73.8396,65.7098,64.1563,62.9034,61.8115,60.8998,60.1373,59.5933,59.1203,58.6199,58.6939,57.1,56.3464,54.8828,54.3973,55.1966,60.5527,62.6344,64.2251,
J-271,43.1617,48.3165,49.4399,58.4552,59.0089,58.7748,57.6499,49.6835,48.0107,46.7119,45.6028,44.6962,43.9493,43.4361,42.9742,42.4749,42.5028,40.8315,39.9618,38.3451,37.8161,38.6899,44.449,46.6138,48.2449,
J-273,71.0061,77.792,78.8946,88.1883,88.742,88.5369,87.4563,79.1671,77.7026,76.4884,75.4132,74.4974,73.7191,73.1433,72.6491,72.1355,72.334,70.8114,70.1862,68.8957,68.4611,69.1762,74.1076,76.1498,77.7183,
J-274,41.0968,46.2517,47.3757,56.4025,56.9563,56.7221,55.5964,47.6173,45.9462,44.6486,43.5403,42.6343,41.8878,41.3747,40.913,40.4142,40.4428,38.7807,37.912,36.2967,35.7682,36.6416,42.3869,44.5548,46.1864,
J-275,47.2331,52.5252,53.6195,61.8851,62.5652,62.534,61.7056,54.7344,53.2715,52.0674,50.9982,50.0823,49.2952,48.6983,48.1632,47.6094,47.5693,45.5072,44.7405,43.2576,42.769,43.5822,48.8906,50.8926,52.4244,
J-276,39.6674,44.9546,46.0506,54.3452,55.025,54.9937,54.1643,47.1563,45.6986,44.4983,43.4322,42.5189,41.734,41.1384,40.6043,40.0522,40.0124,37.9849,37.22,35.741,35.2539,36.066,41.3297,43.3409,44.8741,
J-277,45.4259,50.7197,51.8143,60.0849,60.7654,60.7353,59.9088,52.9416,51.4835,50.2815,49.2134,48.2977,47.5104,46.9124,46.3765,45.8222,45.7813,43.7203,42.9548,41.4741,40.9862,41.7986,47.0898,49.0925,50.6237,
J-278,41.9397,47.2289,48.3245,56.6115,57.2915,57.2601,56.4308,49.4328,47.9733,46.7717,45.7046,44.7904,44.0048,43.4087,42.8743,42.3216,42.2817,40.2437,39.4781,37.9977,37.5101,38.3227,43.6005,45.6092,47.1422,
J-28,52.5716,54.6112,55.5616,59.6857,60.9317,61.7936,62.2023,59.2457,58.0302,56.9388,55.9137,54.9776,54.1246,53.4025,52.7417,52.0916,51.8186,49.0179,48.2057,46.6527,46.1456,46.9957,52.2023,53.1496,54.2558,
J-282,42.1643,47.3173,48.4406,57.4579,58.0114,57.7772,56.6523,48.6827,47.0111,45.7133,44.6049,43.6989,42.9524,42.4395,41.9778,41.479,41.5072,39.8404,38.9716,37.356,36.8274,37.7008,43.452,45.6178,47.2487,
J-284,26.7062,28.3742,28.8545,30.7316,30.545,29.9156,28.7401,25.0649,23.2358,22.468,22.0276,21.8293,21.7615,21.8958,21.8857,21.773,21.6388,20.5031,19.9196,18.7152,18.366,18.9326,23.9913,26.706,27.8947,
J-285,54.0489,55.3751,56.4339,68.2638,68.7813,68.6067,67.6311,57.1607,56.4843,55.5755,54.6545,53.7885,53.0279,52.4019,51.9943,51.6259,51.3496,52.6703,53.2075,53.4928,53.52,53.4978,53.6685,54.6916,55.9249,
J-289,70.9704,76.292,77.4082,86.8183,87.331,87.0472,85.8502,77.5167,75.9022,74.6155,73.5073,72.5946,71.8399,71.3169,70.8575,70.3625,70.4056,68.8204,68.0321,66.5206,66.0201,66.839,72.4248,74.5776,76.2013,
J-29,43.9859,49.1116,50.2341,59.1699,59.7276,59.4997,58.3888,50.4826,48.7839,47.4754,46.362,45.455,44.7094,44.2002,43.7382,43.237,43.258,41.5541,40.6642,39.0206,38.4837,39.3701,45.2213,47.3969,49.0284,
J-290,56.9748,62.1961,63.3153,72.4004,72.9479,72.7088,71.5739,63.5808,61.9549,60.6693,59.5634,58.6527,57.8988,57.3748,56.9104,56.411,56.4487,54.779,53.9479,52.3805,51.8645,52.713,58.3681,60.4805,62.104,
J-291,49.9293,56.5922,57.6289,66.0976,66.6075,66.4151,65.4077,57.7184,56.3103,55.178,54.1847,53.3417,52.6246,52.0944,51.6284,51.1426,51.3378,49.8393,49.2901,48.0758,47.6708,48.3431,53.0016,55.0342,56.5301,
J-292,54.3513,59.6504,60.7414,68.9629,69.6446,69.6177,68.7949,61.9296,60.4792,59.2786,58.2096,57.291,56.4995,55.8961,55.3559,54.7975,54.7526,52.6245,51.8611,50.3808,49.8927,50.7041,56.0245,58.0047,59.5298,
J-293,54.6687,59.9955,61.0886,69.3516,70.0228,69.9807,69.1441,62.0903,60.5983,59.3814,58.306,57.3897,56.6059,56.0176,55.4906,54.9424,54.9156,52.9053,52.1374,50.6517,50.1617,50.9748,56.3406,58.3441,59.8769,
J-294,43.0295,48.0152,49.127,57.6748,58.2974,58.1703,57.1882,49.6559,48.029,46.7515,45.6512,44.7427,43.9871,43.4559,42.9787,42.4689,42.4823,40.7356,39.8815,38.2848,37.7618,38.6267,44.2774,46.321,47.9179,
J-295,42.6772,47.6289,48.7398,57.2734,57.9021,57.7823,56.8059,49.3741,47.7885,46.5272,45.4336,44.524,43.7633,43.2212,42.7377,42.2251,42.2388,40.4882,39.6574,38.0917,37.5776,38.4284,43.9583,45.9445,47.533,
J-296,41.8463,46.8942,48.0091,56.6229,57.2254,57.0713,56.0689,48.3309,46.6187,45.3067,44.1923,43.2858,42.5408,42.0327,41.5689,41.0653,41.0793,39.352,38.4495,36.7893,36.2478,37.1422,43.0301,45.1851,46.7991,
J-297,41.8944,46.9249,48.0388,56.6231,57.2346,57.0933,56.1008,48.4158,46.7266,45.424,44.3136,43.4066,42.6588,42.1444,41.6767,41.1712,41.1846,39.4512,38.5611,36.9173,36.3806,37.2675,43.093,45.2213,46.8301,
J-298,43.8685,48.8845,49.9972,58.5593,59.1749,59.0392,58.0509,50.4269,48.7582,47.4634,46.3558,45.448,44.6972,44.1769,43.7057,43.1984,43.2112,41.4658,40.5874,38.9588,38.4263,39.3059,45.0822,47.1794,48.7843,
J-299,41.8894,45.4276,46.4571,52.6581,53.6276,54.0504,53.834,48.9892,47.6795,46.5439,45.503,44.5788,43.758,43.0944,42.4944,41.8928,41.741,39.1947,38.397,36.8706,36.3706,37.207,42.3674,43.8814,45.2157,
J-3,51.8326,53.9176,54.9808,67.0222,67.5337,67.3443,66.344,55.6726,54.9843,54.0481,53.0961,52.1979,51.4032,50.7516,50.3401,49.9701,49.6893,51.0595,51.6163,51.9105,51.9341,51.9041,52.0572,53.0886,54.3374,
J-30,50.1125,52.1508,53.1027,57.2377,58.484,59.3456,59.7528,56.7804,55.5674,54.4775,53.4535,52.5182,51.6658,50.9439,50.283,49.6329,49.359,46.5729,45.7612,44.2097,43.7032,44.5528,49.7368,50.6909,51.8001,
J-300,66.9023,73.402,74.4895,83.6207,84.1532,83.9332,82.8442,74.6631,73.1815,71.975,70.9146,70.0184,69.2611,68.7083,68.2305,67.7303,67.9057,66.3969,65.7643,64.4561,64.0176,64.7392,69.7124,71.7713,73.33,
J-301,41.8029,46.3356,47.4197,55.1954,55.9397,56.0033,55.2822,48.6769,47.1887,45.9733,44.8995,43.9856,43.2043,42.6194,42.0945,41.5501,41.5038,39.4857,38.6689,37.1203,36.6122,37.4566,42.8664,44.7047,46.2072,
J-302,43.8265,48.8618,49.9755,58.553,59.1631,59.0215,58.0251,50.3369,48.6389,47.3325,46.2202,45.313,44.5657,44.0531,43.5863,43.0809,43.0935,41.3523,40.4576,38.8074,38.2687,39.1582,45.0165,47.1512,48.761,
J-303,42.7064,47.6918,48.8037,57.3526,57.9752,57.8481,56.8659,49.3322,47.7057,46.4283,45.3282,44.4198,43.6643,43.1332,42.656,42.1463,42.1598,40.4147,39.5607,37.9643,37.4413,38.3062,43.9545,45.9985,47.5954,
J-304,43.3575,48.4079,49.5228,58.1335,58.7345,58.579,57.5746,49.8381,48.1217,46.8077,45.6923,44.7855,44.0406,43.5333,43.0697,42.566,42.5796,40.8467,39.9422,38.279,37.7365,38.6321,44.5371,46.6935,48.3085,
J-305,41.8278,46.8806,47.9957,56.6271,57.2257,57.0653,56.0573,48.3077,46.5926,45.2794,44.1645,43.258,42.5134,42.0062,41.543,41.0398,41.0543,39.3298,38.4259,36.7638,36.2217,37.117,43.0119,45.1709,46.7859,
J-306,43.0978,48.1525,49.267,57.8996,58.4972,58.3355,57.3252,49.5797,47.8642,46.5504,45.435,44.5282,43.7833,43.2759,42.8126,42.3092,42.3235,40.5942,39.6903,38.028,37.4857,38.381,44.2826,46.4402,48.0545,
J-307,50.5692,53.1511,54.2158,66.2729,66.7818,66.5875,65.5784,54.8856,54.1773,53.234,52.2795,51.3821,50.5896,49.9424,49.5324,49.1624,48.8803,50.2489,50.7895,51.0591,51.0757,51.0574,51.2744,52.309,53.5626,
J-308,52.7105,55.2916,56.3547,68.3732,68.8782,68.6795,67.6649,56.9948,56.2731,55.3263,54.3714,53.4757,52.6855,52.0422,51.6339,51.2643,50.9814,52.3415,52.8718,53.1305,53.1439,53.1294,53.3842,54.4349,55.6914,
J-309,59.9154,65.5695,66.6796,75.9325,76.4811,76.2538,75.1385,66.9968,65.449,64.1986,63.1077,62.1956,61.4319,60.8856,60.4108,59.9092,59.9938,58.3955,57.6481,56.1966,55.7147,56.5079,61.8373,63.9158,65.5045,
J-31,46.2889,51.4444,52.567,61.5671,62.1207,61.887,60.7635,52.8153,51.1399,49.8392,48.7287,47.8211,47.0733,46.5598,46.0974,45.5973,45.6242,43.9388,43.0678,41.4489,40.919,41.7934,47.5731,49.7331,51.3637,
J-310,80.3681,86.5335,87.6378,97.1907,97.705,97.4361,96.2675,87.6538,86.2007,84.9579,83.8665,82.9518,82.1872,81.642,81.1798,80.691,80.8084,79.3946,78.7236,77.369,76.913,77.6554,82.8053,84.8751,86.4591,
J-311,54.6255,59.6662,60.7775,69.2991,69.9062,69.7636,68.7643,61.1155,59.3955,58.0787,56.9609,56.0517,55.3045,54.7953,54.3298,53.8232,53.8326,52.0464,51.1414,49.4756,48.9317,49.8267,55.7904,57.9236,59.5344,
J-312,66.2415,72.7245,73.8312,83.174,83.721,83.5008,82.3959,74.0635,72.5678,71.3408,70.2604,69.3466,68.5746,68.0108,67.5254,67.0178,67.1862,65.6723,65.0133,63.6777,63.2297,63.9672,69.0141,71.0833,72.6628,
J-313,58.1774,63.4466,64.5638,73.692,74.2416,74.0076,72.8784,64.848,63.2597,61.9871,60.8862,59.9748,59.2174,58.6857,58.2179,57.7178,57.7605,56.088,55.2773,53.7367,53.2284,54.0642,59.6373,61.7466,63.3626,
J-314,54.0755,59.1276,60.2402,68.7912,69.3913,69.238,68.2329,60.5532,58.8243,57.5038,56.3843,55.4751,54.7289,54.2219,53.7576,53.2517,53.2616,51.4804,50.5705,48.8985,48.3528,49.2507,55.2343,57.3816,58.997,
J-315,43.2147,48.2247,49.3375,57.9728,58.5897,58.452,57.4502,49.9107,48.324,47.0614,45.9671,45.0578,44.2981,43.7579,43.2772,42.767,42.7859,41.0457,40.2158,38.6512,38.1374,38.9875,44.5255,46.5413,48.1359,
J-316,59.4782,64.899,66.0099,75.1851,75.7365,75.5112,74.4014,66.2718,64.7187,63.4634,62.3696,61.4583,60.698,60.1589,59.6918,59.1957,59.2626,57.6792,56.9144,55.4337,54.9426,55.7499,61.1507,63.2333,64.8255,
J-317,50.8901,53.4717,54.5361,66.5974,67.1074,66.915,65.9089,55.22,54.5179,53.5762,52.622,51.7239,50.9303,50.2814,49.8707,49.5003,49.2187,50.5903,51.1349,51.4094,51.4274,51.4067,51.6053,52.6321,53.8836,
J-318,51.6118,54.2697,55.3334,67.3594,67.869,67.6768,66.6716,55.9951,55.2921,54.3505,53.3966,52.4992,51.7061,51.0579,50.6474,50.277,50.0032,51.3703,51.9113,52.184,52.2014,52.1811,52.3844,53.4202,54.6747,
J-319,49.6257,52.2849,53.3503,65.3978,65.9084,65.7166,64.7109,54.0123,53.3106,52.3694,51.4156,50.5179,49.7246,49.076,48.6653,48.295,48.0214,49.3904,49.9334,50.2076,50.2258,50.2057,50.4065,51.4421,52.6977,
J-32,76.2399,81.6106,82.7038,92.3509,92.8586,92.5936,91.4408,82.8143,81.3502,80.1267,79.05,78.1448,77.3872,76.8452,76.3917,75.9148,75.9931,74.8107,74.2347,73.0032,72.5835,73.2675,78.0186,80.0141,81.5698,
J-320,55.1203,61.8046,62.8545,71.3022,71.7919,71.5584,70.4826,62.6837,61.1589,59.9886,58.9815,58.1413,57.4349,56.9271,56.4704,55.9859,56.1666,54.6146,54.0119,52.7298,52.3063,53.0073,57.9691,60.1511,61.6994,
J-321,46.472,47.54,48.4503,51.5997,53.0267,54.1657,54.9364,52.9848,52.004,51.0107,50.0233,49.0726,48.1709,47.3533,46.603,45.884,45.3834,42.3734,41.5884,40.0697,39.5741,40.4122,45.388,46.1797,47.1653,
J-322,63.7576,69.0593,70.1736,79.2695,79.8185,79.586,78.4611,70.4662,68.878,67.605,66.5034,65.591,64.8325,64.2995,63.8307,63.3298,63.3739,61.6889,60.8836,59.3488,58.8418,59.6738,65.2516,67.349,68.9601,
J-323,55.6839,60.7352,61.8473,70.3871,70.9872,70.8346,69.8298,62.1606,60.4305,59.1093,57.9894,57.08,56.3336,55.8266,55.3623,54.8562,54.8655,53.0772,52.1669,50.494,49.9478,50.8459,56.8397,58.9849,60.6,
J-324,69.748,78.0331,79.1294,88.7432,89.2856,89.0793,88.0063,79.1158,77.7679,76.5906,75.533,74.6173,73.8322,73.2394,72.7492,72.2487,72.6704,71.5402,71.0949,70.0529,69.6915,70.2869,74.5143,76.4686,78.0032,
J-325,70.6352,79.7586,80.8539,90.5868,91.1204,90.9035,89.8172,80.6683,79.3442,78.1708,77.1155,76.2008,75.4178,74.8284,74.3486,73.8595,74.3564,73.3594,72.9494,71.9535,71.6044,72.1775,76.2691,78.2097,79.7395,
J-327,60.8747,66.1636,67.2814,76.4892,77.025,76.7713,75.6144,67.4738,65.8611,64.5784,63.4732,62.5625,61.8086,61.2844,60.8215,60.3237,60.3655,58.7338,57.92,56.3769,55.8681,56.7039,62.323,64.4543,66.0776,
J-328,58.5375,63.8057,64.9241,74.1027,74.6446,74.3986,73.253,65.1727,63.5661,62.2871,61.1836,60.2724,59.5167,58.9888,58.5233,58.024,58.0658,56.4092,55.5938,54.0469,53.5368,54.3755,59.9794,62.1019,63.7229,
J-329,60.9439,66.2989,67.4125,76.552,77.1018,76.8714,75.7514,67.6904,66.1136,64.8471,63.7488,62.837,62.078,61.5427,61.0751,60.5768,60.6308,58.9938,58.2057,56.6941,56.194,57.0156,62.5143,64.6093,66.2138,
J-33,55.0489,60.4901,61.5864,70.1581,70.7794,70.6674,69.7291,62.2079,60.6654,59.4246,58.3392,57.4267,56.6568,56.0966,55.6012,55.0807,55.1216,53.3633,52.5958,51.1113,50.6205,51.4317,56.8059,58.8379,60.3802,
J-330,61.4393,66.707,67.825,77.0006,77.5403,77.2912,76.1412,68.0517,66.43,65.1438,64.0369,63.1252,62.3704,61.8458,61.3817,60.8828,60.9226,59.2762,58.4582,56.9074,56.3958,57.2358,62.8688,64.9938,66.6163,
J-331,60.0931,65.1745,66.2533,75.0548,75.5668,75.319,74.2026,66.4123,64.8287,63.5834,62.515,61.6373,60.9121,60.4108,59.9652,59.4843,59.5202,57.8977,57.1244,55.6139,55.1162,55.9331,61.4261,63.5058,65.0795,
J-332,40.9275,45.458,46.5423,54.321,55.0655,55.1292,54.4081,47.8005,46.3134,45.0987,44.0253,43.1116,42.3305,41.7455,41.2206,40.6762,40.63,38.6147,37.7984,36.2504,35.7426,36.5868,41.9896,43.829,45.3319,
J-333,52.2419,55.1101,56.1749,68.1284,68.6386,68.4464,67.4416,56.7482,56.0474,55.1055,54.151,53.2526,52.4587,51.8094,51.3973,51.0255,50.8176,52.1625,52.6859,52.9539,52.9706,52.9513,53.1787,54.2449,55.5066,
J-334,61.0842,66.3464,67.4649,76.6504,77.1894,76.9384,75.7851,67.6836,66.0612,64.7746,63.6674,62.7558,62.0014,61.4775,61.0137,60.5144,60.5528,58.908,58.0888,56.5368,56.025,56.8655,62.504,64.6326,66.2566,
J-335,44.407,49.4574,50.5718,59.1779,59.7773,59.6195,58.6129,50.8804,49.1613,47.8465,46.7309,45.8243,45.0798,44.5732,44.1101,43.6065,43.6196,41.8823,40.9768,39.3121,38.7691,39.6652,45.5815,47.7391,49.3545,
J-336,70.4348,76.6618,77.7703,87.385,87.9013,87.6327,86.4619,77.7679,76.3241,75.0867,73.9983,73.0852,72.3215,71.7757,71.3139,70.8269,70.9524,69.578,68.9113,67.5644,67.1116,67.8524,72.9506,75.0302,76.616,
J-337,67.3453,73.4899,74.5995,84.2086,84.7263,84.4591,83.2896,74.6141,73.1657,71.9282,70.8404,69.9282,69.1653,68.6205,68.159,67.6722,67.791,66.4123,65.7406,64.3875,63.9331,64.6775,69.7819,71.863,73.4493,
J-338,46.2938,47.6675,48.5905,52.0342,53.4071,54.4631,55.1264,52.8404,51.7823,50.7579,49.7594,48.8147,47.9299,47.1442,46.423,45.7263,45.2968,42.3789,41.5846,40.0546,39.5553,40.3976,45.4408,46.2792,47.3016,
J-339,45.2439,46.6172,47.5406,50.9864,52.3593,53.4153,54.0782,51.7873,50.7303,49.7067,48.709,47.7649,46.8806,46.0954,45.3744,44.6781,44.2486,41.3371,40.5431,39.0138,38.5148,39.3567,44.3894,45.23,46.2532,
J-34,53.1225,57.9307,58.8931,66.6385,67.0674,66.8231,65.8043,58.8061,57.349,56.2403,55.295,54.521,53.8822,53.4432,53.0488,52.6216,52.671,51.1598,50.551,49.2131,48.7735,49.4958,54.4365,56.409,57.8331,
J-340,54.1226,59.45,60.5433,68.8098,69.4812,69.4392,68.6027,61.5438,60.0522,58.8355,57.7603,56.8441,56.0603,55.472,54.9451,54.397,54.3704,52.3633,51.5955,50.1103,49.6205,50.4335,55.7959,57.7999,59.333,
J-341,71.6753,76.9972,78.1132,87.52,88.0326,87.7488,86.552,78.2219,76.6072,75.3202,74.2118,73.2989,72.5441,72.021,71.5616,71.0665,71.1094,69.5223,68.7342,67.2228,66.7223,67.541,73.129,75.281,76.9045,
J-342,72.1444,77.4662,78.5822,87.9852,88.4976,88.2134,87.0162,78.6887,77.0722,75.7845,74.6759,73.7629,73.0082,72.4854,72.0261,71.5309,71.5736,69.9839,69.1946,67.6816,67.1806,67.9999,73.595,75.748,77.3719,
J-343,56.1255,63.3996,64.5012,73.81,74.3796,74.2035,73.1663,64.8284,63.4388,62.2557,61.1967,60.2829,59.4984,58.9044,58.398,57.8791,58.1319,56.6852,56.1211,54.9169,54.5094,55.1859,59.8163,61.8198,63.3697,
J-344,57.2823,64.2185,65.3173,74.3846,74.9793,74.8395,73.8523,65.8692,64.4843,63.3042,62.2457,61.3298,60.5405,59.9382,59.4195,58.8884,59.0788,57.4566,56.8584,55.6061,55.1846,55.8847,60.6323,62.622,64.1657,
J-345,66.6481,72.117,73.2274,82.5685,83.1042,82.8581,81.7183,73.4322,71.8878,70.6309,69.5356,68.6226,67.8611,67.3214,66.8555,66.361,66.432,64.9035,64.1637,62.7163,62.2343,63.0245,68.3693,70.452,72.0459,
J-346,59.0504,66.4421,67.5425,76.8559,77.4259,77.2519,76.2188,67.8663,66.4867,65.306,64.2473,63.3322,62.5455,61.9483,61.4406,60.921,61.1886,59.7526,59.202,58.0158,57.6133,58.2809,62.8685,64.8603,66.4065,
J-347,40.7922,45.84,46.9545,55.5756,56.1785,56.0241,55.022,47.2802,45.5706,44.2599,43.1461,42.2398,41.4947,40.9861,40.5221,40.0186,40.0331,38.3113,37.4101,35.7518,35.2109,36.1046,41.9809,44.1354,45.7483,
J-348,66.3924,76.418,77.5126,87.6143,88.1232,87.8765,86.7523,76.9661,75.6913,74.5282,73.479,72.5677,71.7895,71.2062,70.7467,70.2807,70.9426,70.3175,70.0209,69.1833,68.8806,69.377,73.0293,74.9317,76.4489,
J-349,66.9282,72.3132,73.4023,81.6574,82.3193,82.2664,81.4158,74.3129,72.7958,71.5665,70.4841,69.5656,68.7829,68.2009,67.6805,67.1365,67.1257,65.1456,64.3756,62.8844,62.3917,63.2054,68.6364,70.6342,72.1626,
J-35,48.049,50.3047,51.3688,63.4764,63.9885,63.7996,62.7996,52.1175,51.4382,50.5054,49.5544,48.6556,47.8592,47.2051,46.7937,46.4247,46.0915,47.484,48.0611,48.3619,48.3873,48.3564,48.4773,49.4918,50.7361,
J-350,58.2892,63.6151,64.7068,72.9504,73.6208,73.5787,72.7429,65.713,64.2188,63.0006,61.9243,61.0072,60.2227,59.6342,59.107,58.5582,58.531,56.5043,55.7359,54.2489,53.7583,54.5716,59.9569,61.9551,63.4867,
J-351,54.0697,59.5029,60.6088,69.576,70.1521,69.9676,68.9181,61.0048,59.4536,58.2045,57.1153,56.2046,55.4416,54.8947,54.417,53.9126,53.9713,52.3452,51.5817,50.1027,49.6127,50.421,55.7896,57.8512,59.4228,
J-353,81.7256,87.1414,88.2409,97.9368,98.449,98.1834,97.0241,88.3679,86.8914,85.6569,84.5707,83.6572,82.8927,82.3456,81.8879,81.4062,81.4846,80.2793,79.6946,78.4535,78.0301,78.7184,83.5183,85.5209,87.0877,
J-354,40.7492,45.858,46.9762,55.8473,56.4361,56.2553,55.1941,47.4111,45.8214,44.556,43.4607,42.553,41.797,41.2633,40.7909,40.2883,40.3226,38.6343,37.805,36.2424,35.7291,36.5783,42.1109,44.1831,45.7926,
J-355,69.7734,75.1268,76.2379,85.882,86.3933,86.1156,84.9306,76.3485,74.798,73.5381,72.442,71.5302,70.7717,70.2375,69.7799,69.2932,69.3518,68.0165,67.3439,65.9879,65.5324,66.2777,71.3997,73.4863,75.0797,
J-356,69.3258,79.3788,80.472,90.5671,91.0753,90.8283,89.7047,79.9207,78.6485,77.4856,76.4362,75.5243,74.7454,74.1615,73.7021,73.2363,73.903,73.2815,72.9895,72.1577,71.8564,72.3494,75.989,77.8868,79.4024,
J-357,62.3837,67.1179,68.1311,76.3515,76.7062,76.3137,75.0482,67.1947,65.4309,64.2081,63.214,62.4389,61.8238,61.4455,61.0835,60.6676,60.6745,59.3091,58.603,57.1716,56.7069,57.4656,62.989,65.3855,66.9663,
J-36,65.1607,67.567,68.5282,73.0172,74.188,74.9377,75.2,71.9522,70.6584,69.5311,68.49,67.5559,66.7172,66.0265,65.3982,64.7735,64.5699,61.7456,60.9257,59.3589,58.8468,59.7003,65.0544,66.0552,67.2016,
J-360,71.7604,79.6744,80.7795,90.4931,91.0044,90.7383,89.5748,80.5663,79.207,77.985,76.902,75.9885,75.222,74.6699,74.2082,73.7242,73.9829,72.7912,72.2246,71.0188,70.6081,71.2796,76.0117,78.0639,79.6351,
J-361,72.5776,79.8954,81.0026,90.6321,91.1456,90.8772,89.708,80.8539,79.467,78.2407,77.1563,76.2429,75.4773,74.9269,74.4654,73.9807,74.1731,72.8536,72.2252,70.9344,70.4986,71.2108,76.1852,78.262,79.8434,
J-362,52.0815,57.3874,58.5101,67.9821,68.4838,68.1804,66.9496,58.4654,56.8044,55.5108,54.4065,53.505,52.7641,52.2584,51.8081,51.3197,51.3603,49.8373,49.0299,47.4963,46.9917,47.8228,53.4491,55.6967,57.3414,
J-363,61.0382,72.8628,73.9363,84.6969,85.1891,84.9474,83.8534,72.8166,71.8112,70.7587,69.7566,68.8511,68.0649,67.4497,67.0178,66.6032,67.7481,67.9776,68.0414,67.6959,67.5366,67.7962,69.9869,71.5964,73.0153,
J-364,46.7011,48.2906,49.2332,57.0699,57.7872,58.0506,57.7821,51.3597,51.1188,50.7375,50.3305,49.9355,49.5828,49.2985,48.9448,48.6276,48.3348,49.0647,49.4191,49.6391,49.7206,49.7762,49.9718,50.6777,51.5495,
J-365,46.3654,47.9573,48.9004,56.7427,57.4605,57.7242,57.4556,51.0287,50.7881,50.4066,49.9994,49.6041,49.251,48.9661,48.6126,48.2953,48.0025,48.7331,49.0883,49.3087,49.3903,49.4459,49.6407,50.3465,51.2188,
J-366,45.4005,50.5383,51.6609,60.6225,61.178,60.9469,59.8297,51.9077,50.2167,48.9106,47.7979,46.8906,46.1441,45.6334,45.1712,44.6704,44.6935,42.9941,42.1109,40.476,39.9415,40.8236,46.653,48.8231,50.4547,
J-367,45.228,50.3658,51.4884,60.4507,61.0061,60.775,59.6576,51.7346,50.0436,48.7376,47.625,46.7178,45.9713,45.4607,44.9986,44.4977,44.5209,42.8225,41.9392,40.3043,39.7698,40.6519,46.4804,48.651,50.2827,
J-368,53.1438,55.7232,56.7854,68.7902,69.2944,69.0955,68.0813,57.4228,56.7004,55.7539,54.7996,53.9045,53.1149,52.4723,52.0644,51.695,51.4122,52.7707,53.2997,53.5574,53.5704,53.5561,53.8135,54.8649,56.1208,
J-369,73.7762,81.2108,82.3172,91.9481,92.4615,92.1942,91.0274,82.1616,80.7822,79.5568,78.4725,77.5588,76.7925,76.2413,75.7795,75.2946,75.4936,74.1926,73.5765,72.3026,71.8718,72.5755,77.5071,79.5775,81.1566,
J-37,41.7619,44.4523,45.4424,50.4448,51.5655,52.2267,52.3535,48.5962,47.3079,46.1849,45.1494,44.2223,43.392,42.7105,42.0899,41.4725,41.292,38.6408,37.8274,36.2788,35.7728,36.62,41.76,42.94,44.1581,
J-370,50.7126,63.2366,64.3037,75.3392,75.8289,75.5944,74.5187,62.964,62.0724,61.0666,60.0857,59.1846,58.3968,57.7694,57.3486,56.9549,58.3041,59.2693,59.0697,58.9175,58.8157,58.9845,60.6021,62.0853,63.4625,
J-371,53.1064,65.6246,66.6905,77.7069,78.1956,77.9604,76.8845,65.3503,64.456,63.4491,62.4677,61.5663,60.7786,60.1517,59.7309,59.337,60.6834,61.6469,61.4441,61.2898,61.187,61.3558,62.9797,64.4649,65.8421,
J-372,53.4674,65.9985,67.0642,78.088,78.5777,78.344,77.2702,65.7303,64.8414,63.8359,62.8548,61.9528,61.1641,60.5357,60.1145,59.7206,61.071,61.635,61.8424,61.694,61.5928,61.7588,63.3628,64.8411,66.2165,
J-373,50.9615,56.1651,57.2854,66.3524,66.9053,66.6729,65.5458,57.5655,55.9462,54.6649,53.5617,52.6527,51.8998,51.3755,50.9109,50.4123,50.4506,48.791,47.9584,46.3894,45.8734,46.7238,52.3509,54.463,56.0864,
J-374,57.5075,62.3123,63.3879,74.5918,75.0977,74.8689,73.7903,63.668,62.6474,61.5904,60.585,59.6825,58.9023,58.2961,57.8688,57.4569,57.4958,57.898,58.0068,57.6905,57.5357,57.7902,59.7559,61.2063,62.5791,
J-375,57.9267,62.7442,63.8203,74.9936,75.4999,75.2702,74.1892,64.0977,63.067,62.0058,60.9984,60.0955,59.3156,58.7106,58.2826,57.869,57.909,58.2716,58.3622,58.0213,57.8593,58.1256,60.1631,61.6276,63.0048,
J-376,45.4709,50.5765,51.698,60.5561,61.1152,60.8898,59.7857,51.9158,50.1844,48.8646,47.7471,46.841,46.0984,45.5958,45.1355,44.6336,44.6483,42.9148,42.0037,40.3316,39.7865,40.6857,46.6443,48.8432,50.4791,
J-377,44.6182,49.7235,50.8452,59.708,60.2671,60.0415,58.9371,51.0625,49.3321,48.0129,46.8958,45.99,45.2476,44.745,44.2848,43.7832,43.7981,42.0685,41.1579,39.4865,38.9418,39.8407,45.7929,47.9926,49.6286,
J-378,68.5679,75.8279,76.93,86.5111,87.0191,86.7489,85.5815,76.7535,75.3692,74.1496,73.0724,72.1662,71.4072,70.8627,70.4054,69.9246,70.1162,68.8135,68.1904,66.905,66.4715,67.181,72.1285,74.2084,75.7845,
J-379,49.2366,51.8158,52.8805,64.9363,65.4448,65.2505,64.2417,53.5472,52.8395,51.8971,50.9437,50.0474,49.2557,48.6092,48.1997,47.8302,47.5482,48.9162,49.4569,49.7264,49.7433,49.7255,49.9436,50.9781,52.2315,
J-38,46.5767,49.0655,50.0596,54.5562,55.5992,56.1446,56.0901,52.1626,50.4075,49.1552,48.0962,47.2182,46.4682,45.915,45.3568,44.7667,44.5313,41.7413,40.7418,38.9156,38.3356,39.3006,45.6314,47.3053,48.6468,
J-380,49.2064,50.4032,51.342,58.3667,59.0868,59.366,59.1283,53.4241,53.1827,52.9226,52.6734,52.4592,52.3229,52.1183,51.7966,51.4822,51.2151,51.7374,51.9657,52.1276,52.2321,52.3363,52.6444,53.3467,54.1736,
J-381,58.064,68.8966,69.9859,80.4084,80.9073,80.6563,79.534,69.1583,67.9885,66.871,65.8424,64.9354,64.156,63.5618,63.1152,62.6719,63.5383,63.2852,63.1337,62.4955,62.2516,62.6531,65.7122,67.5126,68.9954,
J-382,69.1228,79.149,80.243,90.3294,90.8377,90.59,89.4646,79.6984,78.4196,77.2541,76.2035,75.2915,74.513,73.93,73.4702,73.0033,73.6594,73.0226,72.7228,71.8804,71.576,72.0742,75.7468,77.6529,79.1711,
J-383,48.0279,60.5437,61.6121,72.6581,73.1476,72.9123,71.8347,60.2669,59.3724,58.366,57.3855,56.4852,55.6984,55.0721,54.6515,54.2581,55.6056,56.5681,56.3646,56.2082,56.1057,56.2774,57.9097,59.3981,60.777,
J-384,55.8153,68.3558,69.4203,80.4353,80.9252,80.6926,79.6212,68.0921,67.2075,66.2031,65.2219,64.3192,63.5295,62.8999,62.4784,62.0845,63.4375,64.0048,64.2168,64.0741,63.9743,64.137,65.7222,67.1941,68.5674,
J-385,54.614,67.1446,68.2099,79.2269,79.7165,79.4828,78.4093,66.8775,65.9882,64.9824,64.0009,63.0985,62.3096,61.6811,61.2598,60.8657,62.2152,62.7772,62.9846,62.836,62.7346,62.9004,64.5051,65.9834,67.3587,
J-386,49.7051,54.6445,55.7089,64.2095,64.719,64.4844,63.3984,55.8553,54.2842,53.062,52.0157,51.1578,50.4494,49.9608,49.5239,49.0518,49.0841,47.4363,46.6648,45.1493,44.6523,45.4706,50.9194,52.9922,54.5522,
J-387,57.4535,62.8039,63.9178,73.0687,73.6184,73.3878,72.2675,64.1901,62.6156,61.3515,60.2552,59.3449,58.5872,58.0526,57.5857,57.0886,57.1437,55.5222,54.7358,53.2269,52.7279,53.5487,59.026,61.1245,62.7289,
J-388,57.8396,62.6046,63.6777,74.9539,75.4588,75.2314,74.1566,63.9646,62.9682,61.9192,60.9173,60.015,59.234,58.6249,58.1992,57.7907,57.8267,58.3088,58.4541,58.1863,58.0456,58.277,60.1005,61.5219,62.8845,
J-389,65.8358,70.6062,71.6753,82.8907,83.394,83.1662,82.0927,71.963,70.9614,69.9097,68.9058,68.0021,67.22,66.6109,66.1847,65.7747,65.8096,66.2726,66.4152,66.1435,66.0008,66.232,68.0707,69.4944,70.8564,
J-390,58.1386,62.8992,63.9713,75.2322,75.7361,75.5084,74.4341,64.2548,63.2578,62.2094,61.2083,60.3069,59.5267,58.9185,58.4934,58.0851,58.121,58.6014,58.7458,58.4773,58.3364,58.5678,60.3937,61.8156,63.1774,
J-391,70.2758,80.3301,81.4231,91.5146,92.0227,91.7757,90.6522,80.8733,79.6005,78.4372,77.3873,76.4751,75.6959,75.1118,74.6522,74.1861,74.8523,74.2281,73.9359,73.1037,72.8021,73.2952,76.9375,78.8351,80.3507,
J-393,71.4693,80.6736,81.7678,91.5224,92.0528,91.8329,90.7435,81.5476,80.2278,79.0555,78.001,77.0871,76.3049,75.7164,75.2389,74.7521,75.2635,74.2982,73.8993,72.9183,72.5736,73.1391,77.1914,79.1276,80.6553,
J-394,40.7796,45.6965,46.7672,55.2208,55.7538,55.5463,54.4906,46.9897,45.423,44.2017,43.1538,42.2924,41.5793,41.0841,40.6414,40.1654,40.1964,38.55,37.7717,36.2506,35.7523,36.5756,41.9949,44.0583,45.6201,
J-395,70.5485,76.7281,77.838,87.2052,87.7408,87.4973,86.3569,77.9152,76.384,75.134,74.0425,73.1294,72.3656,71.8206,71.3517,70.8558,71.0127,69.4988,68.7894,67.3839,66.9138,67.6838,72.9493,75.0562,76.6513,
J-396,48.1653,60.5975,61.6615,72.7774,73.2694,73.0426,71.9821,60.379,59.5359,58.5494,57.5773,56.6778,55.8889,55.2557,54.8377,54.4506,55.774,56.7893,56.7111,56.6389,56.5606,56.6929,58.0668,59.4883,60.8469,
J-397,51.1759,55.4414,56.2755,62.1545,62.3262,61.8588,60.63,54.2436,52.4189,51.3433,50.5384,49.9645,49.5407,49.343,49.0994,48.7829,48.7992,47.3602,46.7068,45.2971,44.856,45.5753,51.1339,53.7014,55.1611,
J-398,70.8007,75.9422,76.9274,84.9611,85.3254,84.9699,83.7767,76.11,74.5182,73.3497,72.3813,71.6117,70.9921,70.5943,70.2268,69.8134,69.872,68.4691,67.8228,66.4597,66.014,66.739,72.0136,74.267,75.7873,
J-399,57.5149,62.3193,63.3948,74.5976,75.1035,74.8748,73.7962,63.6748,62.6543,61.5974,60.5921,59.6897,58.9095,58.3033,57.8761,57.4642,57.5032,57.9051,58.0139,57.6976,57.5429,57.7974,59.7631,61.2133,62.586,
J-4,58.9281,63.6985,64.7709,76.0563,76.5618,76.3358,75.2636,65.0652,64.0754,63.0289,62.0278,61.125,60.343,59.7324,59.3066,58.8985,58.9345,59.4302,59.5827,59.3237,59.1853,59.4124,61.2061,62.6175,63.9769,
J-40,26.5545,27.9688,28.5487,30.6601,31.0075,30.9965,30.5466,27.8568,26.3758,25.5742,24.9916,24.5817,24.2727,24.1222,23.8957,23.6099,23.4339,21.4737,21.0725,19.7821,19.3865,20.0383,24.8033,26.577,27.5801,
J-400,60.4318,65.7193,66.8372,76.1805,76.7018,76.4294,75.2475,66.9792,65.3665,64.0841,62.9798,62.0705,61.3185,60.7968,60.3374,59.843,59.8866,58.293,57.4925,55.9666,55.4628,56.2904,61.8703,64.0223,65.6468,
J-401,43.6031,44.3011,45.0223,46.0642,47.1432,48.1855,49.1665,49.555,50.041,50.4606,50.8044,51.0672,51.2426,51.3169,51.2101,51.019,50.8002,50.6015,50.7114,50.8565,51.0071,51.1475,51.3071,51.514,51.8115,
J-402,51.1204,53.3893,54.452,66.54,67.0517,66.8626,65.8628,55.1997,54.5177,53.5832,52.6311,51.7314,50.9345,50.2804,49.8687,49.4991,49.1691,50.5596,51.1329,51.4312,51.4554,51.4244,51.55,52.5654,53.8095,
J-406,68.1085,74.3529,75.463,84.8561,85.3928,85.1507,84.0119,75.5222,74.0122,72.7678,71.6786,70.7658,70.0018,69.4553,68.9873,68.4937,68.6584,67.1653,66.4605,65.061,64.5929,65.3603,70.5931,72.6939,74.2866,
J-407,69.132,79.6975,80.8,91.0142,91.4892,91.1905,89.9902,79.9277,78.5784,77.3913,76.3336,75.4262,74.6591,74.0971,73.6538,73.1986,73.9171,73.3372,73.0208,72.1593,71.8498,72.3554,76.1356,78.1529,79.7096,
J-408,70.8952,81.4575,82.5594,92.7626,93.2374,92.9387,91.7389,81.6894,80.3387,79.1507,78.0924,77.1847,76.4173,75.8553,75.4119,74.9565,75.6746,75.0899,74.7729,73.9105,73.6005,74.1061,77.8914,79.9077,81.4641,
J-409,56.5989,67.1813,68.2876,78.5724,79.0488,78.7503,77.548,67.3997,66.0607,64.8805,63.8276,62.9235,62.1584,61.5964,61.1536,60.7005,61.4212,60.8781,60.5658,59.7115,59.4053,59.9098,63.6529,65.6759,67.2332,
J-41,40.7519,43.2208,44.1994,48.8831,50.0327,50.7425,50.94,47.4214,46.1159,44.9924,43.9601,43.038,42.2121,41.535,40.9132,40.2937,40.0978,37.4311,36.6071,35.0397,34.5288,35.3842,40.5777,41.7091,42.9041,
J-410,68.7241,79.2712,80.3723,90.5662,91.0391,90.7391,89.5381,79.4887,78.1369,76.9506,75.8945,74.9892,74.2241,73.6643,73.2222,72.7681,73.4845,72.9044,72.5868,71.7239,71.4141,71.9201,75.7058,77.7268,79.2831,
J-411,55.4359,61.8316,62.8375,70.8554,71.3112,71.0737,70.0274,62.5759,61.0806,59.9509,58.9846,58.1831,57.5115,57.0338,56.6001,56.137,56.3048,54.7711,54.2053,52.9547,52.5426,53.2237,58.0768,60.2164,61.7137,
J-412,76.6194,82.7763,83.8817,93.4542,93.9689,93.6999,92.5306,83.8943,82.4429,81.202,80.112,79.1984,78.4346,77.8898,77.428,76.9401,77.0583,75.659,74.9893,73.6368,73.1819,73.924,79.056,81.129,82.7133,
J-413,72.4055,80.3201,81.4248,91.1331,91.6443,91.3782,90.215,81.2128,79.8533,78.6312,77.5481,76.6346,75.868,75.3159,74.8543,74.3702,74.6282,73.4338,72.8672,71.6611,71.2503,71.9218,76.6564,78.7079,80.2788,
J-414,59.3081,69.8917,70.9974,81.2731,81.7501,81.4526,80.2522,70.1209,68.7826,67.6015,66.5474,65.6419,64.8756,64.3126,63.8692,63.4153,64.1364,63.5865,63.2747,62.4208,62.1143,62.6183,66.3616,68.3797,69.9361,
J-415,69.1476,79.7084,80.8094,91.0206,91.4971,91.2019,90.008,79.962,78.6251,77.4425,76.3866,75.4792,74.7111,74.1468,73.7026,73.2474,73.9672,73.3913,73.0819,72.2294,71.9224,72.4238,76.1694,78.1712,79.7228,
J-416,61.7461,67.4511,68.5572,77.7915,78.3388,78.1151,77.0078,68.8728,67.3328,66.0866,64.9988,64.0885,63.326,62.7801,62.3068,61.8067,61.9014,60.3003,59.5708,58.1397,57.6632,58.447,63.7291,65.8031,67.3852,
J-417,45.564,50.6696,51.7907,60.6502,61.21,60.9861,59.8845,52.0195,50.293,48.9748,47.8576,46.9512,46.2079,45.704,45.2432,44.7412,44.7564,43.024,42.1154,40.4465,39.9024,40.8001,46.746,48.9387,50.5729,
J-418,55.8096,59.8983,60.7091,66.2355,66.3675,65.866,64.6062,58.383,56.4911,55.4166,54.6316,54.0883,53.6985,53.5403,53.3208,53.0212,53.021,51.5565,50.8841,49.4489,49.0031,49.7279,55.4402,58.1036,59.569,
J-419,64.2755,69.0561,70.1272,81.3395,81.8413,81.6099,80.53,70.388,69.3726,68.3172,67.3125,66.4098,65.6296,65.0235,64.5985,64.1889,64.2231,64.675,64.8058,64.5185,64.3714,64.6103,66.4993,67.9397,69.3072,
J-42,44.6991,47.1791,48.171,52.6531,53.6883,54.2254,54.1614,50.2245,48.4657,47.2166,46.1626,45.2904,44.5462,43.9989,43.4447,42.8579,42.6221,39.849,38.8541,37.0304,36.4516,37.4147,43.7306,45.42,46.7629,
J-420,60.6069,65.3822,66.4542,77.6843,78.1862,77.955,76.8751,66.7132,65.7006,64.6473,63.6443,62.743,61.9639,61.3583,60.9339,60.5252,60.5599,61.0194,61.1511,60.8653,60.7191,60.9581,62.8405,64.2796,65.6464,
J-421,44.0685,44.7475,45.4327,46.3986,47.3772,48.2983,49.1304,49.3194,49.6326,49.9703,50.2651,50.5051,50.6746,50.767,50.6797,50.504,50.2894,50.0641,50.0926,50.1375,50.25,50.4166,50.9258,51.3059,51.6453,
J-422,64.4144,69.1894,70.2591,81.454,81.9546,81.723,80.6438,70.5161,69.5005,68.4461,67.4425,66.541,65.7619,65.1568,64.7325,64.3234,64.3574,64.8076,64.9378,64.65,64.5028,64.7417,66.6321,68.0726,69.439,
J-423,65.5979,70.3816,71.4523,82.6617,83.1639,82.9331,81.8541,71.7188,70.7042,69.6485,68.6431,67.7397,66.9586,66.3517,65.9262,65.5161,65.5504,66.0007,66.1322,65.8457,65.6987,65.937,67.823,69.2613,70.6285,
J-424,65.8673,70.6438,71.713,82.8977,83.3979,83.166,82.0866,71.9685,70.9511,69.8958,68.8917,67.9899,67.2106,66.6056,66.1812,65.7718,65.8055,66.2524,66.3817,66.0927,65.9451,66.1842,68.0791,69.521,70.8878,
J-425,62.4703,67.3381,68.2304,75.2816,75.6237,75.3277,74.2873,67.5434,66.0686,65.0111,64.1348,63.4365,62.8718,62.506,62.1649,61.7826,61.8742,60.4504,59.9039,58.6342,58.2196,58.8958,63.7539,65.8044,67.1833,
J-426,52.9879,55.5681,56.6307,68.6419,69.1466,68.9478,67.9336,57.27,56.5482,55.6015,54.6469,53.7514,52.9616,52.3185,51.9104,51.5409,51.2581,52.6174,53.1471,53.4054,53.4186,53.4042,53.6597,54.7105,55.9665,
J-429,62.5706,67.3893,68.4627,79.597,80.1021,79.8723,78.7927,68.741,67.7074,66.6449,65.6366,64.7331,63.9529,63.3481,62.9199,62.5056,62.5448,62.8965,62.9858,62.6429,62.4799,62.7459,64.7913,66.2561,67.6327,
J-43,25.5549,26.9257,27.492,29.4682,29.7644,29.6969,29.1823,26.4695,24.9382,24.1411,23.5777,23.1956,22.9172,22.8019,22.5997,22.3326,22.154,20.2401,19.8331,18.5431,18.1505,18.7967,23.6226,25.4991,26.5184,
J-44,60.393,65.7097,66.8288,76.2886,76.8041,76.5221,75.325,66.9452,65.3365,64.0543,62.9494,62.0389,61.2858,60.763,60.3035,59.8095,59.8547,58.3031,57.518,56.0128,55.515,56.333,61.8621,64.0256,65.6504,
J-45,59.2474,64.5406,65.66,75.0238,75.5465,75.2742,74.0914,65.8061,64.194,62.9111,61.806,60.8958,60.1429,59.6203,59.1602,58.6655,58.7097,57.1207,56.3197,54.794,54.2903,55.1181,60.6929,62.8467,64.4725,
J-46,53.9844,59.345,60.4382,68.7685,69.4289,69.3721,68.5123,61.3583,59.851,58.6277,57.5496,56.6341,55.8535,55.2718,54.7516,54.2091,54.1972,52.2562,51.4888,50.0036,49.5134,50.3263,55.6883,57.6975,59.2287,
J-47,24.9032,26.6376,27.1263,28.8971,28.715,28.0875,26.9142,23.2391,21.3706,20.5934,20.1495,19.9506,19.8832,20.0196,20.0079,19.8925,19.7572,18.6031,18.0107,16.7923,16.44,17.0127,22.1467,24.9274,26.1364,
J-48,53.5971,59.0192,60.1206,68.7693,69.3792,69.2523,68.2988,60.5996,59.0444,57.7964,56.7082,55.7976,55.0334,54.4838,54.0011,53.4923,53.5458,51.8688,51.0996,49.6133,49.1219,49.9335,55.3151,57.3664,58.9244,
J-49,31.1208,33.2102,33.7129,36.2456,36.2236,35.7934,34.8696,31.2553,29.7243,28.9884,28.5073,28.2232,28.0522,28.0551,27.9645,27.7972,27.7083,26.4583,26.0511,24.9462,24.6148,25.1542,29.6122,31.8044,32.8562,
J-5,54.0454,60.0441,61.1109,72.6186,73.1233,72.9112,71.87,61.2224,60.3632,59.3674,58.3897,57.4896,56.7021,56.0731,55.6544,55.2644,55.4448,56.5817,56.7016,56.6967,56.6311,56.7416,57.755,59.0402,60.3631,
J-50,50.3956,62.8298,63.8932,74.9995,75.4913,75.2646,74.2042,62.614,61.7697,60.7822,59.8092,58.9088,58.1192,57.4856,57.0672,56.6797,58.0016,59.0168,58.9367,58.8637,58.7848,58.9167,60.2918,61.7134,63.072,
J-51,40.2357,42.6226,43.5989,48.2018,49.3796,50.13,50.3818,46.9658,45.6997,44.5879,43.5571,42.6287,41.7923,41.0987,40.4645,39.8364,39.6277,36.959,36.144,34.5929,34.0864,34.9354,40.0537,41.1309,42.3071,
J-52,67.4495,72.7979,73.9119,83.5022,84.0136,83.7327,82.5412,74.017,72.4431,71.1744,70.0747,69.1632,68.4066,67.8767,67.4185,66.9294,66.9837,65.5821,64.875,63.4735,63.0052,63.7723,69.0257,71.1407,72.7448,
J-53,61.0764,66.4163,67.5306,77.1484,77.6595,77.3784,76.1862,67.6269,66.0579,64.7936,63.6974,62.7886,62.0342,61.5055,61.0488,60.5617,60.6177,59.2437,58.5403,57.1441,56.6779,57.4437,62.6603,64.78,66.3833,
J-54,66.3936,72.068,73.1755,82.4039,82.9499,82.721,81.6055,73.4895,71.9396,70.6875,69.5954,68.6825,67.9182,67.3719,66.8971,66.3949,66.4793,64.8628,64.1186,62.6696,62.1877,62.979,68.327,70.3994,71.986,
J-55,60.2934,65.968,67.0783,76.35,76.8973,76.6681,75.55,67.3891,65.8418,64.5915,63.5007,62.5885,61.8247,61.2782,60.8035,60.3019,60.3885,58.7949,58.0519,56.6056,56.125,56.916,62.2348,64.3153,65.9045,
J-56,44.3412,46.8166,47.7953,52.4868,53.6463,54.3692,54.5851,51.1089,49.8253,48.7048,47.6697,46.7409,45.9069,45.2196,44.5922,43.9692,43.7765,41.0882,40.2707,38.7155,38.2076,39.0579,44.2247,45.3113,46.4968,
J-57,43.2838,45.7754,46.7555,51.4771,52.6341,53.3527,53.5616,50.052,48.7694,47.6495,46.6149,45.6864,44.8527,44.1656,43.5384,42.9158,42.7252,40.0477,39.2316,37.6784,37.171,38.0205,43.1725,44.2711,45.46,
J-58,42.3378,46.9052,47.9914,55.8278,56.5623,56.6106,55.8684,49.1962,47.6992,46.4797,45.4039,44.4904,43.7108,43.1296,42.6083,42.0665,42.0254,40.0289,39.2107,37.6603,37.1516,37.9966,43.4205,45.2691,46.7785,
J-59,44.3117,48.8795,49.965,57.7916,58.5258,58.5743,57.8329,51.1721,49.6739,48.4535,47.3771,46.463,45.6831,45.1017,44.5803,44.0382,43.9968,41.9913,41.1728,39.6214,39.1123,39.9575,45.3946,47.2392,48.7475,
J-6,50.5989,51.9283,52.9925,65.0393,65.551,65.3618,64.3615,53.6779,52.9899,52.0547,51.1039,50.2069,49.4133,48.7627,48.3514,47.9819,47.7064,49.0743,49.6305,49.9245,49.9486,49.9194,50.076,51.1085,52.3577,
J-60,40.4176,42.3929,43.3477,47.4579,48.7176,49.5964,50.0228,47.0522,45.8608,44.782,43.7644,42.8313,41.9781,41.2514,40.5848,39.9312,39.6396,36.9009,36.0918,34.547,34.0428,34.89,39.9772,40.9462,42.0585,
J-61,40.7845,42.7598,43.7143,47.8222,49.0816,49.9602,50.3867,47.419,46.2274,45.1484,44.1308,43.1976,42.3445,41.618,40.9515,40.2979,40.0065,37.266,36.457,34.912,34.4078,35.255,40.3451,41.3131,42.4248,
J-62,59.8711,65.2589,66.3517,74.7251,75.3731,75.2992,74.4177,67.1665,65.6418,64.4095,63.3269,62.4111,61.6332,61.0587,60.5466,60.0107,60.015,58.1191,57.3504,55.8627,55.3711,56.1841,61.583,63.5962,65.1293,
J-63,48.6395,53.9825,55.0779,63.4189,64.0824,64.0299,63.1743,55.9968,54.496,53.2763,52.2008,51.287,50.5074,49.9257,49.4054,48.8635,48.8488,46.9219,46.1553,44.6728,44.1839,44.9961,50.3294,52.3459,53.8814,
J-64,62.1492,72.1961,73.2911,83.4152,83.9235,83.6761,82.5514,72.7253,71.4551,70.2957,69.2492,68.3399,67.5632,66.9807,66.5226,66.0587,66.7296,66.1289,65.8376,65.0079,64.708,65.2013,68.8239,70.7249,72.2409,
J-65,60.5334,70.5785,71.6738,81.8038,82.3121,82.0648,80.9401,71.1054,69.836,68.6775,67.6318,66.7231,65.9469,65.3646,64.9068,64.4434,65.1153,64.5195,64.2285,63.3995,63.0999,63.5931,67.211,69.1123,70.6282,
J-66,40.9912,41.6895,42.412,43.4571,44.5401,45.5877,46.5759,46.9764,47.4732,47.8977,48.2442,48.5081,48.6835,48.756,48.6468,48.456,48.2385,48.043,48.1597,48.3124,48.4659,48.6043,48.7392,48.935,49.2298,
J-67,42.3478,43.0466,43.7686,44.8121,45.8924,46.9362,47.9188,48.3087,48.7962,49.2167,49.5612,49.8244,50,50.0741,49.9664,49.7755,49.557,49.3587,49.4697,49.6158,49.767,49.9076,50.0656,50.2718,50.5694,
J-68,64.8423,70.7055,71.8159,81.4225,81.9421,81.6765,80.5088,71.8686,70.3997,69.1612,68.0734,67.1618,66.3998,65.8559,65.3946,64.9079,65.017,63.6353,62.9565,61.5936,61.1365,61.8861,67.0045,69.0851,70.6715,
J-69,66.9283,72.8362,73.9454,83.5832,84.1002,83.8315,82.66,73.9815,72.5199,71.2809,70.1926,69.2804,68.518,67.9738,67.5127,67.026,67.1404,65.776,65.107,63.757,63.3034,64.0465,69.1384,71.218,72.804,
J-7,66.131,76.38,77.4765,87.6065,88.1076,87.8493,86.7098,76.8422,75.5413,74.37,73.318,72.4084,71.6346,71.0596,70.6074,70.1468,70.8396,70.2397,69.9387,69.0961,68.7919,69.2902,72.9666,74.8845,76.4094,
J-70,60.7981,66.1031,67.2198,76.4698,77.0071,76.7566,75.6057,67.4503,65.8583,64.5841,63.4824,62.5707,61.8137,61.2831,60.8174,60.319,60.3664,58.7475,57.9538,56.4356,55.9337,56.7583,62.291,64.4098,66.0257,
J-71,66.0236,72.197,73.308,82.7029,83.2402,82.9987,81.8603,73.3968,71.8726,70.626,69.5363,68.6239,67.8601,67.3141,66.8447,66.3491,66.507,65.0142,64.3087,62.9094,62.4415,63.2095,68.4379,70.5415,72.1353,
J-72,62.5559,68.5889,69.7004,79.0959,79.6353,79.3967,78.263,69.9007,68.3662,67.1201,66.0309,65.1182,64.3531,63.8042,63.3296,62.8291,62.9526,61.4378,60.7316,59.3322,58.8648,59.6338,64.8467,66.9434,68.5357,
J-73,61.1061,66.4533,67.5704,77.0799,77.5963,77.3177,76.1265,67.6809,66.0897,64.8149,63.7133,62.8029,62.0483,61.5218,61.0623,60.5702,60.623,59.1401,58.3866,56.9216,56.4352,57.2342,62.643,64.7891,66.4046,
J-74,62.3689,67.7629,68.8761,78.384,78.9068,78.6413,77.4738,69.0226,67.478,66.2209,65.1264,64.2153,63.4564,62.9203,62.4588,61.9685,62.0366,60.5948,59.8722,58.4471,57.9716,58.7521,64.0239,66.1222,67.7211,
J-75,54.7878,60.2134,61.3094,69.8695,70.493,70.3838,69.4495,61.9506,60.4093,59.1693,58.0842,57.1715,56.401,55.8395,55.3424,54.8203,54.8562,53.0892,52.3214,50.8366,50.3459,51.1573,56.5308,58.5618,60.1033,
J-76,58.2562,69.0893,70.1786,80.601,81.0998,80.8488,79.7264,69.3514,68.1815,67.0639,66.0352,65.1281,64.3486,63.7544,63.3077,62.8644,63.7307,63.4774,63.3258,62.6875,62.4435,62.845,65.9045,67.7049,69.1877,
J-77,60.8519,71.4521,72.5429,82.87,83.3716,83.1216,81.9986,71.7973,70.5959,69.4648,68.43,67.5217,66.7426,66.1516,65.7012,65.2513,66.0574,65.6958,65.5017,64.8051,64.5439,64.9732,68.2058,70.0369,71.5299,
J-78,71.9924,78.8426,79.9503,89.5643,90.0795,89.8118,88.643,79.8556,78.4438,77.2121,76.1251,75.2115,74.4465,73.8984,73.4364,72.95,73.1223,71.7742,71.1276,69.8102,69.3663,70.092,75.1291,77.2091,78.792,
J-79,72.0447,78.8946,80.0023,89.6152,90.1303,89.8627,88.694,79.9077,78.496,77.2644,76.1774,75.2638,74.4989,73.9508,73.4888,73.0025,73.1748,71.8266,71.18,69.8626,69.4187,70.1444,75.1812,77.2611,78.8439,
J-8,43.289,48.1613,49.2056,57.7326,58.1412,57.793,56.5665,48.6774,46.9834,45.7548,44.7359,43.9265,43.2741,42.8531,42.4596,42.0194,42.0383,40.5577,39.799,38.2968,37.809,38.6126,44.1778,46.4957,48.0832,
J-80,60.7989,66.1382,67.2561,76.7538,77.2695,76.9891,75.7948,67.3664,65.767,64.489,63.386,62.4756,61.7216,61.1967,60.7372,60.2444,60.2944,58.7922,58.0292,56.5523,56.0625,56.867,62.3134,64.4676,66.0865,
J-81,61.7715,67.1047,68.2229,77.7023,78.2175,77.936,76.7402,68.3352,66.7307,65.45,64.3457,63.4349,62.6811,62.1571,61.6975,61.2039,61.2515,59.7276,58.9566,57.4692,56.9764,57.7856,63.2677,65.4256,67.0469,
J-82,66.1201,76.3885,77.4809,87.6674,88.173,87.9247,86.801,76.853,75.6078,74.4572,73.4134,72.5028,71.7238,71.1371,70.6811,70.2215,70.9425,70.4228,70.1689,69.3896,69.1038,69.5721,73.0533,74.9259,76.4329,
J-83,52.4793,57.776,58.8683,67.1038,67.7842,67.7548,66.931,60.0105,58.55,57.3459,56.2757,55.3581,54.5688,53.9693,53.4323,52.8764,52.8345,50.7376,49.9717,48.4886,47.9997,48.8125,54.14,56.1325,57.661,
J-84,62.0097,69.149,70.2483,79.4151,79.9982,79.8419,78.8326,70.7054,69.3188,68.1359,67.0753,66.158,65.3685,64.7675,64.2526,63.7252,63.9468,62.3877,61.8078,60.5804,60.1658,60.8531,65.556,67.5467,69.0925,
J-85,54.2825,61.4033,62.5049,71.668,72.2431,72.0749,71.0474,62.8608,61.4456,60.2578,59.1993,58.2891,57.5084,56.9188,56.4103,55.8872,56.1067,54.5715,53.9785,52.7346,52.3163,53.0114,57.7633,59.8021,61.3598,
J-86,43.1064,48.2485,49.3676,58.3039,58.8818,58.6851,57.6033,49.7531,48.1582,46.8891,45.7919,44.8839,44.129,43.5981,43.1286,42.6279,42.6647,40.988,40.1581,38.5943,38.0806,38.9298,44.4828,46.5675,48.1815,
J-87,45.0675,50.2257,51.3446,60.2976,60.8721,60.6707,59.5832,51.7185,50.1231,48.8532,47.7555,46.8471,46.092,45.5612,45.092,44.5914,44.6291,42.9498,42.1206,40.5574,40.0437,40.8923,46.4535,48.5405,50.1552,
J-88,60.0253,65.3551,66.4714,75.7577,76.2927,76.0397,74.8853,66.6788,65.0979,63.8278,62.728,61.8171,61.0603,60.5292,60.0644,59.5676,59.6189,58.0212,57.2367,55.7311,55.2329,56.0516,61.55,63.6703,65.2851,
J-89,62.8477,70.2423,71.3421,80.6423,81.2122,81.0383,80.0054,71.6736,70.2915,69.1088,68.0485,67.1319,66.344,65.7459,65.2374,64.7166,64.9829,63.5314,62.9799,61.7918,61.3884,62.0564,66.6605,68.6498,70.1959,
J-9,51.6998,53.0108,54.0212,62.3924,62.982,62.9926,62.3112,54.8425,54.068,53.5161,53.0746,52.7551,52.5914,52.401,52.081,51.7463,51.4362,51.9522,51.9853,51.8695,51.8838,52.1091,53.4802,54.7097,55.7788,
J-90,63.5675,71.237,72.3362,81.7402,82.3017,82.1175,81.0716,72.5582,71.1867,70.0061,68.9471,68.0312,67.2444,66.6482,66.1455,65.6313,65.9459,64.5976,64.0785,62.9353,62.5449,63.1909,67.6764,69.6568,71.1998,
J-91,46.1795,51.2313,52.3457,60.9427,61.543,61.3871,60.3814,52.6572,50.9365,49.6204,48.5039,47.5965,46.8514,46.3444,45.8809,45.3767,45.3893,43.6437,42.7373,41.0712,40.5277,41.4242,47.3528,49.508,51.1235,
J-92,40.0312,45.0823,46.1979,54.8334,55.4334,55.2741,54.2657,46.5063,44.7915,43.479,42.3647,41.4589,40.7149,40.2081,39.7452,39.2424,39.2572,37.5397,36.6359,34.9742,34.4324,35.3277,41.2142,43.3767,44.9923,
J-93,62.3461,68.7039,69.8128,79.1853,79.7303,79.5046,78.3906,70.0316,68.5261,67.2951,66.2132,65.3007,64.5313,63.9721,63.4902,62.9852,63.1418,61.6395,60.9678,59.6158,59.1631,59.909,64.9895,67.0695,68.6532,
J-94,61.5888,66.8944,68.0108,77.2372,77.7769,77.5298,76.3837,68.2581,66.672,65.3992,64.2977,63.3855,62.6275,62.0954,61.6283,61.1288,61.1744,59.5371,58.7413,57.22,56.717,57.5432,63.084,65.1981,66.813,
J-95,57.7267,63.2798,64.3905,73.6206,74.1702,73.9427,72.8272,64.6981,63.1447,61.8918,60.8,59.8886,59.1264,58.5829,58.1103,57.6104,57.682,56.0928,55.338,53.8722,53.3862,54.1867,59.5437,61.6252,63.2159,
J-96,57.8002,63.2549,64.3644,73.5166,74.0722,73.8533,72.7513,64.6929,63.1391,61.8862,60.7944,59.883,59.121,58.5776,58.1053,57.6052,57.6721,56.0608,55.2979,53.8195,53.3293,54.1364,59.5213,61.5944,63.182,
J-97,58.5374,63.8054,64.924,74.1072,74.6485,74.4015,73.2543,65.1634,63.5527,62.2723,61.1682,60.257,59.5018,58.9749,58.51,58.0111,58.0529,56.4044,55.5888,54.0417,53.5315,54.3703,59.9768,62.1011,63.7228,
J-98,44.8523,49.8958,51.0098,59.5917,60.1991,60.0529,59.0533,51.3443,49.6334,48.3216,47.2069,46.2997,45.5536,45.0442,44.5793,44.0746,44.0874,42.3448,41.4433,39.7839,39.2425,40.136,46.0339,48.1798,49.792,
J-99,46.2332,51.2736,52.387,60.9574,61.5657,61.4215,60.4242,52.7352,51.0284,49.7179,48.6035,47.6958,46.9488,46.4379,45.9719,45.4664,45.4784,43.728,42.8286,41.1718,40.631,41.5232,47.4161,49.5549,51.166,
O-Pump-1,72.4144,80.9382,82.033,91.6651,92.2043,91.995,90.919,81.9728,80.6314,79.455,78.3978,77.4822,76.6976,76.1057,75.6185,75.1211,75.5636,74.4647,74.0301,73.0015,72.6434,73.2319,77.4247,79.3725,80.9044,
I-Pump-2,0.0453172,0.0453317,0.0453318,0.0453318,0.0453318,0.0453318,0.0453318,0.0453318,0.0453318,0.0453318,0.0453318,0.0453318,0.0453318,0.0453318,0.0453318,0.0453318,0.0453318,0.0453318,0.0453318,0.0453318,0.0453318,0.0453318,0.0453318,0.0453318,0.0453318,
I-Pump-3,30.1496,30.1496,30.1496,30.1496,30.1496,30.1496,30.1496,30.1496,30.1496,30.1496,30.1496,30.1496,30.1496,30.1496,30.1496,30.1496,30.1496,30.1496,30.1496,30.1496,30.1496,30.1496,30.1496,30.1496,30.1496,
O-Pump-4,47.7834,47.7835,47.7835,47.7835,47.7835,47.7835,47.7835,47.7835,47.7835,47.7835,47.7835,47.7835,47.7835,47.7835,47.7835,47.7835,47.7835,47.7835,47.7835,47.7835,47.7835,47.7835,47.7835,47.7835,47.7835,
I-Pump-5,7.00558,7.0057,7.0057,7.0057,7.0057,7.0057,7.0057,7.0057,7.0057,7.0057,7.0057,7.0057,7.0057,7.0057,7.0057,7.0057,7.0057,7.0057,7.0057,7.0057,7.0057,7.0057,7.0057,7.0057,7.0057,
O-Pump-6,117.138,143.273,144.255,154.696,155.165,154.959,153.974,140.071,139.311,138.344,137.368,136.452,135.645,134.991,134.572,134.188,138.717,139.494,139.846,139.909,139.863,139.906,140.797,142.042,143.299,
O-Pump-7,54.0629,54.7644,55.8272,67.8566,68.368,68.1788,67.1789,56.5152,55.826,54.8897,53.9379,53.0401,52.2458,51.5947,51.1832,50.8131,50.537,51.9044,52.4591,52.7523,52.7757,52.7457,52.9017,53.9345,55.1834,
O-Pump-8,55.2793,65.6282,66.0469,70.5715,70.769,70.6841,70.272,963.917,967.701,967.541,969.598,971.551,975.531,974.73,64.1516,64.6176,64.9448,65.1539,65.2887,65.35,65.3734,65.2929,65.5347,65.9654,70.7467,
I-Pump-9,-10.3025,1.03174,1.48507,6.37614,6.5873,6.49699,6.0566,1794.85,1847.31,1845,1875.67,1906.45,1975.02,1960.53,-0.497135,-0.0106859,0.305621,0.535333,0.683003,0.751393,0.778825,0.70255,0.963287,1.42477,6.59138,
I-Pump-1,62.1731,71.049,72.1467,81.8797,82.4166,82.203,81.1198,71.9975,70.6709,69.5001,68.4473,67.535,66.7535,66.1644,65.683,65.1926,65.6715,64.6633,64.2443,63.2382,62.8872,63.4666,67.5706,69.519,71.0507,
O-Pump-2,69.1689,69.1694,69.1694,69.1694,69.1694,69.1694,69.1694,69.1694,69.1694,69.1694,69.1694,69.1694,69.1694,69.1694,69.1694,69.1694,69.1694,69.1694,69.1694,69.1694,69.1694,69.1694,69.1694,69.1694,69.1694,
O-Pump-3,67.1057,67.1059,67.1059,67.1059,67.1059,67.1059,67.1059,67.1059,67.1059,67.1059,67.1059,67.1059,67.1059,67.1059,67.1059,67.1059,67.1059,67.1059,67.1059,67.1059,67.1059,67.1059,67.1059,67.1059,67.1059,
I-Pump-4,-0.212246,-0.212246,-0.212246,-0.212246,-0.212246,-0.212246,-0.212246,-0.212246,-0.212246,-0.212246,-0.212246,-0.212246,-0.212246,-0.212246,-0.212246,-0.212246,-0.212246,-0.212246,-0.212246,-0.212246,-0.212246,-0.212246,-0.212246,-0.212246,-0.212246,
O-Pump-5,17.0154,17.0154,17.0154,17.0154,17.0154,17.0154,17.0154,17.0154,17.0154,17.0154,17.0154,17.0154,17.0154,17.0154,17.0154,17.0154,17.0154,17.0154,17.0154,17.0154,17.0154,17.0154,17.0154,17.0154,17.0154,
I-Pump-6,-5.94668,-5.93805,-5.9378,-5.93533,-5.93523,-5.93527,-5.93548,-5.93893,-5.93913,-5.93937,-5.93963,-5.93988,-5.9401,-5.94028,-5.9404,-5.94051,-5.93918,-5.93889,-5.93884,-5.93882,-5.93883,-5.93881,-5.93858,-5.93826,-5.93794,
I-Pump-7,33.2429,60.2943,61.3085,72.1838,72.6618,72.4549,71.4545,56.9406,56.2064,55.2661,54.3169,53.4238,52.6347,51.9905,51.5807,51.2109,55.8601,56.9256,57.0681,57.142,57.11,57.1688,58.0567,59.3053,60.5721,
I-Pump-8,1.24807,1.31973,1.32194,1.34355,1.3444,1.34404,1.34226,1.50082,1.50082,1.50082,1.50082,1.50082,1.50082,1.50082,1.50082,1.50082,1.30998,1.31245,1.31286,1.31305,1.31301,1.31317,1.31518,1.31795,1.3207,
O-Pump-9,62.1783,87.4728,88.475,99.1927,99.6674,99.461,98.4666,83.961,83.2176,82.2677,81.3093,80.4077,79.6115,78.9633,78.5503,78.1756,83.0058,83.8369,84.1906,84.2595,84.2222,84.275,85.1616,86.4067,87.6679,
